priority,listing_id,address,recommended_source,score,coordinate_confidence,best_photo_indices,aerial_contact_sheet,bing_contact_sheet,google_contact_sheet,mls_contact_sheet,notes,recommended_action
high,10658844,1059 SWANSEA Road,possible_mls_elevated_candidate_needs_verify,,listing,"1,2,17,16",data\contact_sheets\columbia_valley\1059-swansea-road-10658844\aerial_contact_sheet.jpg,,data\alternate_contact_sheets\google\columbia-valley\1059-swansea-road-10658844\google_satellite_contact_sheet.jpg,data\mls_contact_sheets\columbia_valley\1059-swansea-road-10658844\mls_contact_sheet.jpg,"Vision batch 003: print_mockup_potential=low; best_candidate_tile=none; All aerial tiles show 'Map data not yet available'; no property features visible.; Goal review: no true aerial; photo 17 is elevated balcony/view over lot/scenery, while photos 1/2 provide ground-level house and surrounding lot context.",Verify MLS elevated/drone photos and best photo indices; reuse rights unknown.
high,10559698,11 ALPINE TRAIL Lane,possible_google_overhead_needs_verify,,listing,,data\contact_sheets\fernie_sparwood\11-alpine-trail-lane-10559698\aerial_contact_sheet.jpg,,data\alternate_contact_sheets\google\fernie-sparwood\11-alpine-trail-lane-10559698\google_satellite_contact_sheet.jpg,data\mls_contact_sheets\fernie_sparwood\11-alpine-trail-lane-10559698\mls_contact_sheet.jpg,Automated placeholder detection: all aerial tiles appear to be Esri no-imagery placeholders; use MLS/contact-sheet path instead.; z20 imagery unavailable; z19/z18 show the area but trees/shadows obscure the house and lot boundaries.,Open Google contact sheet / 4x candidate and verify house+backyard visibility.
high,20026178,137 12A Avenue,possible_mls_elevated_candidate_needs_verify,,listing,"5,1,7,8,29,30",data\contact_sheets\columbia_valley\137-12a-avenue-20026178\aerial_contact_sheet.jpg,,data\alternate_contact_sheets\google\columbia-valley\137-12a-avenue-20026178\google_satellite_contact_sheet.jpg,data\mls_contact_sheets\columbia_valley\137-12a-avenue-20026178\mls_contact_sheet.jpg,"Vision batch 003: print_mockup_potential=low; best_candidate_tile=none; All aerial tiles show 'Map data not yet available'; no property features visible.; Goal review: photo 5 is an aerial neighborhood/locator view, but thumbnail detail is insufficient to confirm house plus backyard/lot coverage. Photo 1 is a strong ground-level house-and-yard view; 7-8 and 29-30 add lot/backyard context but are not aerial.",Verify MLS elevated/drone photos and best photo indices; reuse rights unknown.
high,10683127,1400 17TH S Street,possible_mls_elevated_candidate_needs_verify,,listing,"1,2,3,4,5,6",data\contact_sheets\cranbrook_kimberley\1400-17th-s-street-10683127\aerial_contact_sheet.jpg,,data\alternate_contact_sheets\google\cranbrook-kimberley\1400-17th-s-street-10683127\google_satellite_contact_sheet.jpg,data\mls_contact_sheets\cranbrook_kimberley\1400-17th-s-street-10683127\mls_contact_sheet.jpg,Automated placeholder detection: all aerial tiles appear to be Esri no-imagery placeholders; use MLS/contact-sheet path instead.; Exterior and covered patio/front approach photos; photo 3 is elevated/neighborhood view but drone status unclear.,Verify MLS elevated/drone photos and best photo indices; reuse rights unknown.
high,10654223,145 STEMWINDER Drive,possible_mls_elevated_candidate_needs_verify,,listing,"1,2,3,4",data\contact_sheets\cranbrook_kimberley\145-stemwinder-drive-10654223\aerial_contact_sheet.jpg,,data\alternate_contact_sheets\google\cranbrook-kimberley\145-stemwinder-drive-10654223\google_satellite_contact_sheet.jpg,data\mls_contact_sheets\cranbrook_kimberley\145-stemwinder-drive-10654223\mls_contact_sheet.jpg,"Automated placeholder detection: all aerial tiles appear to be Esri no-imagery placeholders; use MLS/contact-sheet path instead.; Goal review: no aerial/top-down or clear backyard-wide view; early exterior shots show house on sloped lot and some surrounding terrain, but lot/backyard coverage is limited.",Verify MLS elevated/drone photos and best photo indices; reuse rights unknown.
high,10589073,1453 STODDART Avenue,possible_google_overhead_needs_verify,,listing,,data\contact_sheets\columbia_valley\1453-stoddart-avenue-10589073\aerial_contact_sheet.jpg,,data\alternate_contact_sheets\google\columbia-valley\1453-stoddart-avenue-10589073\google_satellite_contact_sheet.jpg,data\mls_contact_sheets\columbia_valley\1453-stoddart-avenue-10589073\mls_contact_sheet.jpg,Vision batch 003: print_mockup_potential=low; best_candidate_tile=none; All aerial tiles show 'Map data not yet available'; no property features visible.; Property is heavily obscured by trees/shadows; house and backyard/lot boundaries are difficult to discern at all zooms.,Open Google contact sheet / 4x candidate and verify house+backyard visibility.
high,20049602,1509 10th Avenue,possible_google_overhead_needs_verify,,listing,"1,14,26",data\contact_sheets\columbia_valley\1509-10th-avenue-20049602\aerial_contact_sheet.jpg,,data\alternate_contact_sheets\google\columbia-valley\1509-10th-avenue-20049602\google_satellite_contact_sheet.jpg,data\mls_contact_sheets\columbia_valley\1509-10th-avenue-20049602\mls_contact_sheet.jpg,"Vision batch 003: print_mockup_potential=low; best_candidate_tile=none; All aerial tiles show 'Map data not yet available'; no property features visible.; Goal review: no aerial/top-down view. Best candidates are ground/deck backyard or outdoor views; house and backyard/lot are not shown together from above.; z19 gives the best scale, but the target area is heavily tree-covered and the house/yard boundaries are not clearly visible. z18 helps with neighborhood context only. Google quality is acceptable but not clearly better than Mapbox/Bing due to canopy obstruction.",Open Google contact sheet / 4x candidate and verify house+backyard visibility.
high,10615862,17 ALPINE Trail,possible_google_overhead_needs_verify,,listing,,data\contact_sheets\fernie_sparwood\17-alpine-trail-10615862\aerial_contact_sheet.jpg,,data\alternate_contact_sheets\google\fernie-sparwood\17-alpine-trail-10615862\google_satellite_contact_sheet.jpg,data\mls_contact_sheets\fernie_sparwood\17-alpine-trail-10615862\mls_contact_sheet.jpg,Automated placeholder detection: all aerial tiles appear to be Esri no-imagery placeholders; use MLS/contact-sheet path instead.; z20 unavailable; z19/z18 show wooded residential area but structure/lot are heavily obscured by trees.,Open Google contact sheet / 4x candidate and verify house+backyard visibility.
high,10521676,1753 2ND Avenue,possible_google_overhead_needs_verify,,listing,,data\contact_sheets\columbia_valley\1753-2nd-avenue-10521676\aerial_contact_sheet.jpg,,data\alternate_contact_sheets\google\columbia-valley\1753-2nd-avenue-10521676\google_satellite_contact_sheet.jpg,data\mls_contact_sheets\columbia_valley\1753-2nd-avenue-10521676\mls_contact_sheet.jpg,Vision batch 003: print_mockup_potential=low; best_candidate_tile=none; All aerial tiles show 'Map data not yet available'; no property features visible.; Coordinate falls on open/treed area near road; nearby homes visible but subject house/lot boundaries are not clearly identifiable.,Open Google contact sheet / 4x candidate and verify house+backyard visibility.
high,10676060,1825 TAYNTON Road,possible_mls_elevated_candidate_needs_verify,,listing,"1,4,5,3,2",data\contact_sheets\columbia_valley\1825-taynton-road-10676060\aerial_contact_sheet.jpg,,data\alternate_contact_sheets\google\columbia-valley\1825-taynton-road-10676060\google_satellite_contact_sheet.jpg,data\mls_contact_sheets\columbia_valley\1825-taynton-road-10676060\mls_contact_sheet.jpg,Vision batch 003: print_mockup_potential=low; best_candidate_tile=none; All aerial tiles show 'Map data not yet available'; no property features visible.; Goal review: photo 1 appears elevated/aerial but the specific house/lot is not clearly identifiable in the thumbnail. Photos 4/5 are best ground-level exterior views showing house with treed lot context.,Verify MLS elevated/drone photos and best photo indices; reuse rights unknown.
high,20020845,1921 PINERIDGE MOUNTAIN Trail,possible_google_overhead_needs_verify,,listing,,data\contact_sheets\columbia_valley\1921-pineridge-mountain-trail-20020845\aerial_contact_sheet.jpg,,data\alternate_contact_sheets\google\columbia-valley\1921-pineridge-mountain-trail-20020845\google_satellite_contact_sheet.jpg,data\mls_contact_sheets\columbia_valley\1921-pineridge-mountain-trail-20020845\mls_contact_sheet.jpg,Vision batch 003: print_mockup_potential=low; best_candidate_tile=none; All aerial tiles show 'Map data not yet available'; no property features visible.; Appears to show a treed/vacant roadside lot; no clearly visible house at the coordinate.,Open Google contact sheet / 4x candidate and verify house+backyard visibility.
high,20022971,200 BOULDER Creek,possible_mls_elevated_candidate_needs_verify,,listing,"19,20,18,1",data\contact_sheets\cranbrook_kimberley\200-boulder-creek-20022971\aerial_contact_sheet.jpg,,data\alternate_contact_sheets\google\cranbrook-kimberley\200-boulder-creek-20022971\google_satellite_contact_sheet.jpg,data\mls_contact_sheets\cranbrook_kimberley\200-boulder-creek-20022971\mls_contact_sheet.jpg,Automated placeholder detection: all aerial tiles appear to be Esri no-imagery placeholders; use MLS/contact-sheet path instead.; Goal review: no true aerial/top-down visible. Deck/elevated backyard-view shots show lot/view and partial rear/deck context; photo 1 is front exterior only.,Verify MLS elevated/drone photos and best photo indices; reuse rights unknown.
high,20034035,2202 Black Hawk Drive,possible_mls_elevated_candidate_needs_verify,,listing,1,data\contact_sheets\fernie_sparwood\2202-black-hawk-drive-20034035\aerial_contact_sheet.jpg,,data\alternate_contact_sheets\google\fernie-sparwood\2202-black-hawk-drive-20034035\google_satellite_contact_sheet.jpg,data\mls_contact_sheets\fernie_sparwood\2202-black-hawk-drive-20034035\mls_contact_sheet.jpg,"Vision batch 002: print_mockup_potential=low; best_candidate_tile=none; Mostly undeveloped or bare lot/road area; no clear backyard amenity.; Goal review: photo 1 is an elevated exterior/oblique view showing the house and some surrounding lot/driveway, but backyard coverage is limited or unclear; no true aerial/top-down backyard image visible.",Verify MLS elevated/drone photos and best photo indices; reuse rights unknown.
high,10628923,32 SILVER RIDGE Drive,possible_google_overhead_needs_verify,,listing,,data\contact_sheets\fernie_sparwood\32-silver-ridge-drive-10628923\aerial_contact_sheet.jpg,,data\alternate_contact_sheets\google\fernie-sparwood\32-silver-ridge-drive-10628923\google_satellite_contact_sheet.jpg,data\mls_contact_sheets\fernie_sparwood\32-silver-ridge-drive-10628923\mls_contact_sheet.jpg,"Automated placeholder detection: all aerial tiles appear to be Esri no-imagery placeholders; use MLS/contact-sheet path instead.; Crosshair/geocode falls on street; nearby houses and lots are visible, but exact target parcel is ambiguous.",Open Google contact sheet / 4x candidate and verify house+backyard visibility.
high,10619308,368 PANORAMA Place,possible_google_overhead_needs_verify,,listing,,data\contact_sheets\columbia_valley\368-panorama-place-10619308\aerial_contact_sheet.jpg,,data\alternate_contact_sheets\google\columbia-valley\368-panorama-place-10619308\google_satellite_contact_sheet.jpg,data\mls_contact_sheets\columbia_valley\368-panorama-place-10619308\mls_contact_sheet.jpg,"Automated placeholder detection: all aerial tiles appear to be Esri no-imagery placeholders; use MLS/contact-sheet path instead.; Heavily obscured by trees and shadows; possible house/lot context visible, but backyard/lot boundaries are difficult to interpret.",Open Google contact sheet / 4x candidate and verify house+backyard visibility.
high,10655082,39 ELKVIEW Drive,possible_google_overhead_needs_verify,,listing,"27,22,24,25,26,1",data\contact_sheets\fernie_sparwood\39-elkview-drive-10655082\aerial_contact_sheet.jpg,,data\alternate_contact_sheets\google\fernie-sparwood\39-elkview-drive-10655082\google_satellite_contact_sheet.jpg,data\mls_contact_sheets\fernie_sparwood\39-elkview-drive-10655082\mls_contact_sheet.jpg,"Automated placeholder detection: all aerial tiles appear to be Esri no-imagery placeholders; use MLS/contact-sheet path instead.; Goal review: no aerial/top-down/elevated view found. Backyard/lot coverage is good at ground level, especially photos 22-27, with photo 27 showing rear house/patio plus yard context.; Target area is heavily obscured by trees/shadows and the crosshair appears near roadway/drive area; house and backyard/lot are not clearly readable together.",Open Google contact sheet / 4x candidate and verify house+backyard visibility.
high,10650499,402 WESTRIDGE View,possible_mls_elevated_candidate_needs_verify,,listing,"2,20,22,26",data\contact_sheets\columbia_valley\402-westridge-view-10650499\aerial_contact_sheet.jpg,,data\alternate_contact_sheets\google\columbia-valley\402-westridge-view-10650499\google_satellite_contact_sheet.jpg,data\mls_contact_sheets\columbia_valley\402-westridge-view-10650499\mls_contact_sheet.jpg,Automated placeholder detection: all aerial tiles appear to be Esri no-imagery placeholders; use MLS/contact-sheet path instead.; Goal review: ground/elevated exterior and patio/yard views; no clear top-down aerial showing house and backyard/lot together.,Verify MLS elevated/drone photos and best photo indices; reuse rights unknown.
high,20027834,405 FOREST CROWNE Close,possible_mls_elevated_candidate_needs_verify,,listing,"3,1,2,4,5",data\contact_sheets\cranbrook_kimberley\405-forest-crowne-close-20027834\aerial_contact_sheet.jpg,,data\alternate_contact_sheets\google\cranbrook-kimberley\405-forest-crowne-close-20027834\google_satellite_contact_sheet.jpg,data\mls_contact_sheets\cranbrook_kimberley\405-forest-crowne-close-20027834\mls_contact_sheet.jpg,"Automated placeholder detection: all aerial tiles appear to be Esri no-imagery placeholders; use MLS/contact-sheet path instead.; Goal review: one broad overhead/neighborhood image may show lot context but not clearly the house/backyard together. Exterior/yard shots help, but aerial goal coverage is limited.",Verify MLS elevated/drone photos and best photo indices; reuse rights unknown.
high,10682429,4476 COLUMBIA VIEW Road,possible_mls_elevated_candidate_needs_verify,,listing,"7,2,3,8,12",data\contact_sheets\columbia_valley\4476-columbia-view-road-10682429\aerial_contact_sheet.jpg,,data\alternate_contact_sheets\google\columbia-valley\4476-columbia-view-road-10682429\google_satellite_contact_sheet.jpg,data\mls_contact_sheets\columbia_valley\4476-columbia-view-road-10682429\mls_contact_sheet.jpg,Automated placeholder detection: all aerial tiles appear to be Esri no-imagery placeholders; use MLS/contact-sheet path instead.; Goal review: photo 7 is an elevated/aerial-style neighborhood/waterfront context image but the subject house/backyard is not clearly identifiable. Best property lot context is mostly ground-level exterior/yard shots.,Verify MLS elevated/drone photos and best photo indices; reuse rights unknown.
high,20073637,454 Forest Crowne Rise,possible_mls_elevated_candidate_needs_verify,,listing,"2,23,27,30",data\contact_sheets\cranbrook_kimberley\454-forest-crowne-rise-20073637\aerial_contact_sheet.jpg,,data\alternate_contact_sheets\google\cranbrook-kimberley\454-forest-crowne-rise-20073637\google_satellite_contact_sheet.jpg,data\mls_contact_sheets\cranbrook_kimberley\454-forest-crowne-rise-20073637\mls_contact_sheet.jpg,"Automated placeholder detection: all aerial tiles appear to be Esri no-imagery placeholders; use MLS/contact-sheet path instead.; Goal review: several elevated exterior/deck/lot-view candidates; house and lot context visible, but backyard-together coverage is incomplete and no true aerial.",Verify MLS elevated/drone photos and best photo indices; reuse rights unknown.
high,10572288,4552 COLUMBIA VIEW Road,possible_google_overhead_needs_verify,,listing,,data\contact_sheets\columbia_valley\4552-columbia-view-road-10572288\aerial_contact_sheet.jpg,,data\alternate_contact_sheets\google\columbia-valley\4552-columbia-view-road-10572288\google_satellite_contact_sheet.jpg,data\mls_contact_sheets\columbia_valley\4552-columbia-view-road-10572288\mls_contact_sheet.jpg,"Automated placeholder detection: all aerial tiles appear to be Esri no-imagery placeholders; use MLS/contact-sheet path instead.; Area is heavily treed; possible structure/lot context nearby, but house and backyard/lot boundaries are not clearly visible together.",Open Google contact sheet / 4x candidate and verify house+backyard visibility.
high,10559208,4553 TIMBERLINE Crescent,possible_google_overhead_needs_verify,,listing,,data\contact_sheets\fernie_sparwood\4553-timberline-crescent-10559208\aerial_contact_sheet.jpg,,data\alternate_contact_sheets\google\fernie-sparwood\4553-timberline-crescent-10559208\google_satellite_contact_sheet.jpg,data\mls_contact_sheets\fernie_sparwood\4553-timberline-crescent-10559208\mls_contact_sheet.jpg,Automated placeholder detection: all aerial tiles appear to be Esri no-imagery placeholders; use MLS/contact-sheet path instead.; Coordinate falls near road/treed edge; possible nearby house/lot visible but not clearly centered or fully readable.,Open Google contact sheet / 4x candidate and verify house+backyard visibility.
high,20021525,4585 COLUMERE Road,possible_mls_elevated_candidate_needs_verify,,listing,"2,4,5,7,25",data\contact_sheets\columbia_valley\4585-columere-road-20021525\aerial_contact_sheet.jpg,,data\alternate_contact_sheets\google\columbia-valley\4585-columere-road-20021525\google_satellite_contact_sheet.jpg,data\mls_contact_sheets\columbia_valley\4585-columere-road-20021525\mls_contact_sheet.jpg,Automated placeholder detection: all aerial tiles appear to be Esri no-imagery placeholders; use MLS/contact-sheet path instead.; Goal review: no true aerial. Several ground-level rear/yard views show house with backyard/deck; photo 25 appears elevated from deck/balcony over yard but does not clearly show whole house and lot together.,Verify MLS elevated/drone photos and best photo indices; reuse rights unknown.
high,10680461,4671 POPLAR Street,possible_google_overhead_needs_verify,,listing,,data\contact_sheets\columbia_valley\4671-poplar-street-10680461\aerial_contact_sheet.jpg,,data\alternate_contact_sheets\google\columbia-valley\4671-poplar-street-10680461\google_satellite_contact_sheet.jpg,data\mls_contact_sheets\columbia_valley\4671-poplar-street-10680461\mls_contact_sheet.jpg,"Automated placeholder detection: all aerial tiles appear to be Esri no-imagery placeholders; use MLS/contact-sheet path instead.; Residential area visible, but crosshair appears near road/driveway and target house/lot boundaries are ambiguous.",Open Google contact sheet / 4x candidate and verify house+backyard visibility.
high,10660433,4942 MOUNTAIN HILL Road,possible_mls_elevated_candidate_needs_verify,,listing,"1,4,5,3",data\contact_sheets\columbia_valley\4942-mountain-hill-road-10660433\aerial_contact_sheet.jpg,,data\alternate_contact_sheets\google\columbia-valley\4942-mountain-hill-road-10660433\google_satellite_contact_sheet.jpg,data\mls_contact_sheets\columbia_valley\4942-mountain-hill-road-10660433\mls_contact_sheet.jpg,"Automated placeholder detection: all aerial tiles appear to be Esri no-imagery placeholders; use MLS/contact-sheet path instead.; Goal review: photo 3 is elevated deck/view and photo 2 may be elevated/driveway view, but house+backyard together is mainly ground-level exterior/landscape context.",Verify MLS elevated/drone photos and best photo indices; reuse rights unknown.
high,10673667,4985 MOUNTAIN TOP Drive,possible_google_overhead_needs_verify,,listing,,data\contact_sheets\columbia_valley\4985-mountain-top-drive-10673667\aerial_contact_sheet.jpg,,data\alternate_contact_sheets\google\columbia-valley\4985-mountain-top-drive-10673667\google_satellite_contact_sheet.jpg,data\mls_contact_sheets\columbia_valley\4985-mountain-top-drive-10673667\mls_contact_sheet.jpg,"Automated placeholder detection: all aerial tiles appear to be Esri no-imagery placeholders; use MLS/contact-sheet path instead.; Neighborhood lots are visible, but crosshair falls on/near roadway and target house is ambiguous; z19 is the most usable if parcel is known.",Open Google contact sheet / 4x candidate and verify house+backyard visibility.
high,10523709,515 LAKEVIEW Place,possible_google_overhead_needs_verify,,listing,,data\contact_sheets\columbia_valley\515-lakeview-place-10523709\aerial_contact_sheet.jpg,,data\alternate_contact_sheets\google\columbia-valley\515-lakeview-place-10523709\google_satellite_contact_sheet.jpg,data\mls_contact_sheets\columbia_valley\515-lakeview-place-10523709\mls_contact_sheet.jpg,Automated placeholder detection: all aerial tiles appear to be Esri no-imagery placeholders; use MLS/contact-sheet path instead.; Coordinate appears near road/intersection; nearby house and yard visible but target parcel/house alignment is uncertain and partly tree-obscured.,Open Google contact sheet / 4x candidate and verify house+backyard visibility.
high,10570990,5156 RIVERVIEW Crescent,possible_google_overhead_needs_verify,,listing,,data\contact_sheets\columbia_valley\5156-riverview-crescent-10570990\aerial_contact_sheet.jpg,,data\alternate_contact_sheets\google\columbia-valley\5156-riverview-crescent-10570990\google_satellite_contact_sheet.jpg,data\mls_contact_sheets\columbia_valley\5156-riverview-crescent-10570990\mls_contact_sheet.jpg,Automated placeholder detection: all aerial tiles appear to be Esri no-imagery placeholders; use MLS/contact-sheet path instead.; Crosshair is on road/cul-de-sac area; surrounding homes visible but target house/yard is obscured by trees and not clearly centered.,Open Google contact sheet / 4x candidate and verify house+backyard visibility.
high,10638277,6659 ROSEN LAKE Road,possible_google_overhead_needs_verify,,listing,,data\contact_sheets\fernie_sparwood\6659-rosen-lake-road-10638277\aerial_contact_sheet.jpg,,data\alternate_contact_sheets\google\fernie-sparwood\6659-rosen-lake-road-10638277\google_satellite_contact_sheet.jpg,data\mls_contact_sheets\fernie_sparwood\6659-rosen-lake-road-10638277\mls_contact_sheet.jpg,"Automated placeholder detection: all aerial tiles appear to be Esri no-imagery placeholders; use MLS/contact-sheet path instead.; Area and nearby lakeshore/roads visible, but tree cover and shadows obscure the house/yard; difficult to confirm full house + backyard/lot together.",Open Google contact sheet / 4x candidate and verify house+backyard visibility.
high,10685008,700 22ND S Avenue,possible_mls_elevated_candidate_needs_verify,,listing,"2,11,10,30",data\contact_sheets\cranbrook_kimberley\700-22nd-s-avenue-10685008\aerial_contact_sheet.jpg,,data\alternate_contact_sheets\google\cranbrook-kimberley\700-22nd-s-avenue-10685008\google_satellite_contact_sheet.jpg,data\mls_contact_sheets\cranbrook_kimberley\700-22nd-s-avenue-10685008\mls_contact_sheet.jpg,"Automated placeholder detection: all aerial tiles appear to be Esri no-imagery placeholders; use MLS/contact-sheet path instead.; Goal review: photo 2 is elevated/neighborhood view but subject house/backyard not clearly identifiable. Other elevated/yard views show lot/outlook, not house and backyard together clearly.",Verify MLS elevated/drone photos and best photo indices; reuse rights unknown.
high,10662424,7503 SUN VALLEY Place,possible_google_overhead_needs_verify,,listing,"1,2,3,16",data\contact_sheets\columbia_valley\7503-sun-valley-place-10662424\aerial_contact_sheet.jpg,,data\alternate_contact_sheets\google\columbia-valley\7503-sun-valley-place-10662424\google_satellite_contact_sheet.jpg,data\mls_contact_sheets\columbia_valley\7503-sun-valley-place-10662424\mls_contact_sheet.jpg,"Automated placeholder detection: all aerial tiles appear to be Esri no-imagery placeholders; use MLS/contact-sheet path instead.; Goal review: photo 16 is an elevated/open-view shot but does not include house; photos 1/2 show front/driveway only with limited lot context.; Crosshair is on roadway; nearby houses and lots are visible, but the target house/backyard is not clearly identifiable.",Open Google contact sheet / 4x candidate and verify house+backyard visibility.
high,10638399,7549 SPRINGS Terrace,possible_mls_elevated_candidate_needs_verify,,listing,"1,2,5,6,24",data\contact_sheets\columbia_valley\7549-springs-terrace-10638399\aerial_contact_sheet.jpg,,data\alternate_contact_sheets\google\columbia-valley\7549-springs-terrace-10638399\google_satellite_contact_sheet.jpg,data\mls_contact_sheets\columbia_valley\7549-springs-terrace-10638399\mls_contact_sheet.jpg,"Automated placeholder detection: all aerial tiles appear to be Esri no-imagery placeholders; use MLS/contact-sheet path instead.; Goal review: no top-down aerial; photos 1/2/24 show exterior and lot frontage, while photos 5/6 show rear/patio outlook, but house and backyard together are not well captured.",Verify MLS elevated/drone photos and best photo indices; reuse rights unknown.
high,20020530,805 16TH S Street,possible_mls_elevated_candidate_needs_verify,,listing,"1,2",data\contact_sheets\cranbrook_kimberley\805-16th-s-street-20020530\aerial_contact_sheet.jpg,,data\alternate_contact_sheets\google\cranbrook-kimberley\805-16th-s-street-20020530\google_satellite_contact_sheet.jpg,data\mls_contact_sheets\cranbrook_kimberley\805-16th-s-street-20020530\mls_contact_sheet.jpg,Automated placeholder detection: all aerial tiles appear to be Esri no-imagery placeholders; use MLS/contact-sheet path instead.; Goal review: only front/driveway elevated exterior views; limited or no clear backyard visibility. Useful mainly for house and front lot context.,Verify MLS elevated/drone photos and best photo indices; reuse rights unknown.
high,10639146,823 LAKEVIEW MEADOWS GREEN,possible_mls_elevated_candidate_needs_verify,,listing,"1,12",data\contact_sheets\columbia_valley\823-lakeview-meadows-green-10639146\aerial_contact_sheet.jpg,,data\alternate_contact_sheets\google\columbia-valley\823-lakeview-meadows-green-10639146\google_satellite_contact_sheet.jpg,data\mls_contact_sheets\columbia_valley\823-lakeview-meadows-green-10639146\mls_contact_sheet.jpg,"Automated placeholder detection: all aerial tiles appear to be Esri no-imagery placeholders; use MLS/contact-sheet path instead.; Goal review: exterior/yard views show landscaping and some lot context, but no clear aerial/top-down and limited house+backyard combined coverage.",Verify MLS elevated/drone photos and best photo indices; reuse rights unknown.
high,10666129,862 10TH Avenue,possible_mls_elevated_candidate_needs_verify,,listing,"5,4,6,1,2",data\contact_sheets\fernie_sparwood\862-10th-avenue-10666129\aerial_contact_sheet.jpg,,data\alternate_contact_sheets\google\fernie-sparwood\862-10th-avenue-10666129\google_satellite_contact_sheet.jpg,data\mls_contact_sheets\fernie_sparwood\862-10th-avenue-10666129\mls_contact_sheet.jpg,"Automated placeholder detection: all aerial tiles appear to be Esri no-imagery placeholders; use MLS/contact-sheet path instead.; Goal review: no true aerial; photos 4/6 are deck/elevated yard views, while photo 5 shows rear/side of house with yard from ground level.",Verify MLS elevated/drone photos and best photo indices; reuse rights unknown.
high,10626775,93 RIDGEMONT Drive,possible_google_overhead_needs_verify,,listing,,data\contact_sheets\fernie_sparwood\93-ridgemont-drive-10626775\aerial_contact_sheet.jpg,,data\alternate_contact_sheets\google\fernie-sparwood\93-ridgemont-drive-10626775\google_satellite_contact_sheet.jpg,data\mls_contact_sheets\fernie_sparwood\93-ridgemont-drive-10626775\mls_contact_sheet.jpg,Automated placeholder detection: all aerial tiles appear to be Esri no-imagery placeholders; use MLS/contact-sheet path instead.; Heavy tree cover and shadow obscure the house/yard; z18 shows neighborhood context but property detail is poor.,Open Google contact sheet / 4x candidate and verify house+backyard visibility.
medium,10606465,#37-6674 WARDNER-KIKOMUN Road,possible_bing_overhead_needs_verify,,subaddress_geocode,1,data\contact_sheets\cranbrook_kimberley\37-6674-wardner-kikomun-road-10606465\aerial_contact_sheet.jpg,data\alternate_contact_sheets\bing\cranbrook-kimberley\37-6674-wardner-kikomun-road-10606465\bing_aerial_contact_sheet.jpg,data\alternate_contact_sheets\google\cranbrook-kimberley\37-6674-wardner-kikomun-road-10606465\google_satellite_contact_sheet.jpg,data\mls_contact_sheets\cranbrook_kimberley\37-6674-wardner-kikomun-road-10606465\mls_contact_sheet.jpg,"Automated placeholder detection: all aerial tiles appear to be Esri no-imagery placeholders; use MLS/contact-sheet path instead.; Coordinate fallback applied: 6674 Wardner Kikomun Rd, #37, Wardner, British Columbia, V0B 2J0 (arcgis_world_geocoder_manual_variant); recollected ArcGIS z19 tiles. Automated placeholder detection: all aerial tiles appear to be Esri no-imagery placeholders; use MLS/contact-sheet path instead.; Only a ground-level exterior view with some yard/lot context is visible; no clear drone, aerial, top-down, or elevated house-plus-lot shot.; Coordinate-refinement review: coordinate tile is mostly trees/clearing with only partial nearby roof/structures visible toward the bottom; target house/lot/backyard is not confidently identifiable together.; Crosshair appears along roadside/ditch area near commercial/industrial yard; no clear house + backyard/lot view.",Open Bing contact sheet and verify target house+backyard visibility.
medium,20083862,15 Turner Close,possible_bing_overhead_needs_verify,,listing,"20,21,22,23",data\contact_sheets\cranbrook_kimberley\15-turner-close-20083862\aerial_contact_sheet.jpg,data\alternate_contact_sheets\bing\cranbrook-kimberley\15-turner-close-20083862\bing_aerial_contact_sheet.jpg,data\alternate_contact_sheets\google\cranbrook-kimberley\15-turner-close-20083862\google_satellite_contact_sheet.jpg,data\mls_contact_sheets\cranbrook_kimberley\15-turner-close-20083862\mls_contact_sheet.jpg,"Automated placeholder detection: all aerial tiles appear to be Esri no-imagery placeholders; use MLS/contact-sheet path instead.; Good backyard and rear/side exterior context, including slightly elevated deck/yard views, but no clear drone/aerial/top-down shot showing the house and lot together.; Final blocker Bing review: center coordinate tile is mostly road/open lot and does not clearly show the house. A house and surrounding lot are visible in the bottom tile, but it is uncertain whether this is the target property.; Clear overhead of cul-de-sac and surrounding lots, but the marked location appears vacant/roadside and does not show a house with backyard/lot together.",Open Bing contact sheet and verify target house+backyard visibility.
medium,10626846,18-6674 WARDNER-KIKOMUM Road,possible_bing_overhead_needs_verify,,subaddress_geocode,"1,2,16",data\contact_sheets\cranbrook_kimberley\18-6674-wardner-kikomum-road-10626846\aerial_contact_sheet.jpg,data\alternate_contact_sheets\bing\cranbrook-kimberley\18-6674-wardner-kikomum-road-10626846\bing_aerial_contact_sheet.jpg,data\alternate_contact_sheets\google\cranbrook-kimberley\18-6674-wardner-kikomum-road-10626846\google_satellite_contact_sheet.jpg,data\mls_contact_sheets\cranbrook_kimberley\18-6674-wardner-kikomum-road-10626846\mls_contact_sheet.jpg,"Automated placeholder detection: all aerial tiles appear to be Esri no-imagery placeholders; use MLS/contact-sheet path instead.; Coordinate fallback applied: 6674 Wardner Kikomun Rd, #18, Wardner, British Columbia, V0B 2J0 (arcgis_world_geocoder_manual_variant); recollected ArcGIS z19 tiles. Automated placeholder detection: all aerial tiles appear to be Esri no-imagery placeholders; use MLS/contact-sheet path instead.; Exterior and deck/yard-adjacent views are present, plus scenic lake images, but no clear drone/aerial/elevated photo showing house and backyard/lot together.; Coordinate-refinement review: same geocoded Wardner-Kikomun resort area; mostly trees/clearing in the center with partial structures near the bottom, but target dwelling and lot are not confidently identifiable together.; Dense forest canopy; no house, driveway, yard, or lot features visible at any zoom.",Open Bing contact sheet and verify target house+backyard visibility.
medium,10607338,4764 TIMBER RIDGE Road,possible_bing_overhead_needs_verify,,street_geocode,,data\contact_sheets\columbia_valley\4764-timber-ridge-road-10607338\aerial_contact_sheet.jpg,data\alternate_contact_sheets\bing\columbia-valley\4764-timber-ridge-road-10607338\bing_aerial_contact_sheet.jpg,data\alternate_contact_sheets\google\columbia-valley\4764-timber-ridge-road-10607338\google_satellite_contact_sheet.jpg,data\mls_contact_sheets\columbia_valley\4764-timber-ridge-road-10607338\mls_contact_sheet.jpg,"Automated placeholder detection: all aerial tiles appear to be Esri no-imagery placeholders; use MLS/contact-sheet path instead.; Coordinate fallback applied: Timber Ridge Road, Area F, East Kootenay, BC (nominatim); recollected ArcGIS z19 tiles. Automated placeholder detection: all aerial tiles appear to be Esri no-imagery placeholders; use MLS/contact-sheet path instead.; Coordinate-fix review: red coordinate tile is heavily treed and does not show a clearly identifiable target house or backyard/lot together; nearby houses are visible but target location is uncertain.; Dense forest cover; no house or usable lot view visible at any zoom.",Open Bing contact sheet and verify target house+backyard visibility.
medium,10604265,4827 HOLLAND Crescent,possible_bing_overhead_needs_verify,,point_geocode,,,data\alternate_contact_sheets\bing\columbia-valley\4827-holland-crescent-10604265\bing_aerial_contact_sheet.jpg,data\alternate_contact_sheets\google\columbia-valley\4827-holland-crescent-10604265\google_satellite_contact_sheet.jpg,data\mls_contact_sheets\columbia_valley\4827-holland-crescent-10604265\mls_contact_sheet.jpg,"No usable coordinate yet; needs parcel/manual lookup.; Coordinate fallback applied: 4827 Holland Creek Ridge Rd, Invermere, British Columbia, V0A 1K3 (arcgis_world_geocoder_manual_variant); recollected ArcGIS z19 tiles. Listing address says 4827 HOLLAND Crescent, but ArcGIS resolves exact PointAddress for 4827 Holland Creek Ridge Rd; needs human address-label verification. Automated placeholder detection: all aerial tiles appear to be Esri no-imagery placeholders; use MLS/contact-sheet path instead.; Coordinate-fix review: ArcGIS geocoder exact-match variant suggests 4827 Holland Creek Ridge Rd, but Bing red coordinate tile is centered on/near a road intersection and no clearly identifiable 4827 house is visible; human address-label verification still needed.",Open Bing contact sheet and verify target house+backyard visibility.
medium,10587559,4905 LAKEVIEW MEADOWS Close,possible_bing_overhead_needs_verify,,street_geocode,,data\contact_sheets\columbia_valley\4905-lakeview-meadows-close-10587559\aerial_contact_sheet.jpg,data\alternate_contact_sheets\bing\columbia-valley\4905-lakeview-meadows-close-10587559\bing_aerial_contact_sheet.jpg,data\alternate_contact_sheets\google\columbia-valley\4905-lakeview-meadows-close-10587559\google_satellite_contact_sheet.jpg,data\mls_contact_sheets\columbia_valley\4905-lakeview-meadows-close-10587559\mls_contact_sheet.jpg,"Automated placeholder detection: all aerial tiles appear to be Esri no-imagery placeholders; use MLS/contact-sheet path instead.; Coordinate fallback applied: Lakeview Meadows Close, Area F, East Kootenay, BC (nominatim); recollected ArcGIS z19 tiles. Automated placeholder detection: all aerial tiles appear to be Esri no-imagery placeholders; use MLS/contact-sheet path instead.; Coordinate-fix review: red coordinate tile includes road/driveway area and partial nearby structures, but the target house and backyard/lot are not clearly identifiable together.; Same forested coordinate view as nearby Holland Creek Ridge; no visible house or usable lot detail.",Open Bing contact sheet and verify target house+backyard visibility.
medium,10588693,885 COPPERVIEW Close,possible_bing_overhead_needs_verify,,street_geocode,,data\contact_sheets\columbia_valley\885-copperview-close-10588693\aerial_contact_sheet.jpg,data\alternate_contact_sheets\bing\columbia-valley\885-copperview-close-10588693\bing_aerial_contact_sheet.jpg,data\alternate_contact_sheets\google\columbia-valley\885-copperview-close-10588693\google_satellite_contact_sheet.jpg,data\mls_contact_sheets\columbia_valley\885-copperview-close-10588693\mls_contact_sheet.jpg,"Automated placeholder detection: all aerial tiles appear to be Esri no-imagery placeholders; use MLS/contact-sheet path instead.; Coordinate fallback applied: Copperview Close, Area F, East Kootenay, BC (nominatim); recollected ArcGIS z19 tiles. Automated placeholder detection: all aerial tiles appear to be Esri no-imagery placeholders; use MLS/contact-sheet path instead.; Coordinate-fix review: red coordinate tile is mostly Copperview Close roadway/cul-de-sac area with no clearly identifiable target house; nearby parcels are visible but target is uncertain.; Dense forest canopy obscures any house, driveway, or lot boundaries at all shown zooms.",Open Bing contact sheet and verify target house+backyard visibility.
low,10574816,1 BIGHORN SHEEP Lane,mls_ground_backyard_context_only,,listing,"1,2,3,5,7,8",data\contact_sheets\columbia_valley\1-bighorn-sheep-lane-10574816\aerial_contact_sheet.jpg,,data\alternate_contact_sheets\google\columbia-valley\1-bighorn-sheep-lane-10574816\google_satellite_contact_sheet.jpg,data\mls_contact_sheets\columbia_valley\1-bighorn-sheep-lane-10574816\mls_contact_sheet.jpg,"Vision batch 002: print_mockup_potential=low; best_candidate_tile=none; Map data not available; no imagery to evaluate.; Several exterior/yard/wooded-lot views and a lake/view shot, but all appear ground-level or from the property; no clear aerial or drone house-plus-lot context.; Crosshair is at a road intersection/open land area; no visible house or backyard/lot at any shown zoom.",Ground context only; verify no aerial/elevated angle was missed.
low,10629259,15 ALPINE TRAILS Crescent,no_usable_aerial_candidate_after_full_review,,listing,"1,2,11,12,13",data\contact_sheets\fernie_sparwood\15-alpine-trails-crescent-10629259\aerial_contact_sheet.jpg,data\alternate_contact_sheets\bing\fernie-sparwood\15-alpine-trails-crescent-10629259\bing_aerial_contact_sheet.jpg,data\alternate_contact_sheets\google\fernie-sparwood\15-alpine-trails-crescent-10629259\google_satellite_contact_sheet.jpg,data\mls_contact_sheets\fernie_sparwood\15-alpine-trails-crescent-10629259\mls_contact_sheet.jpg,"Automated placeholder detection: all aerial tiles appear to be Esri no-imagery placeholders; use MLS/contact-sheet path instead.; Ground-level exterior, deck, and wooded backyard/lot images are present; no clear aerial/elevated house-plus-lot image.; Final blocker Bing review: center coordinate tile is dense tree cover with no identifiable house, backyard, or lot. Nearby homes appear in adjacent tiles, but the target property is not identifiable.; z20 has no imagery; z19/z18 are heavily tree-covered and do not clearly show house/backyard or lot boundaries.",Final no-candidate row; verify only if needed.
low,10671578,2140 WHISKEY JACK Drive,mls_ground_backyard_context_only,,listing,1,data\contact_sheets\fernie_sparwood\2140-whiskey-jack-drive-10671578\aerial_contact_sheet.jpg,,data\alternate_contact_sheets\google\fernie-sparwood\2140-whiskey-jack-drive-10671578\google_satellite_contact_sheet.jpg,data\mls_contact_sheets\fernie_sparwood\2140-whiskey-jack-drive-10671578\mls_contact_sheet.jpg,"Vision batch 002: print_mockup_potential=low; best_candidate_tile=none; Center tile is largely bare ground/track marks with no discernible backyard or residence.; Goal review: photo 1 is the only exterior and appears ground-level front-facing; no aerial/elevated backyard/lot overview present.; Coordinate appears to fall on an undeveloped/vacant lot beside the road; no subject house/backyard is visible. Google imagery is clear, but not useful for house+lot assessment.",Ground context only; verify no aerial/elevated angle was missed.
low,20021326,2264 BLACK HAWK Drive,mls_ground_backyard_context_only,,listing,"1,16,17",data\contact_sheets\fernie_sparwood\2264-black-hawk-drive-20021326\aerial_contact_sheet.jpg,,data\alternate_contact_sheets\google\fernie-sparwood\2264-black-hawk-drive-20021326\google_satellite_contact_sheet.jpg,data\mls_contact_sheets\fernie_sparwood\2264-black-hawk-drive-20021326\mls_contact_sheet.jpg,"Vision batch 002: print_mockup_potential=low; best_candidate_tile=none; Center tile is mainly road intersection/unfinished area; no visible backyard.; Goal review: no aerial or elevated whole-property view visible. Photo 1 is front exterior; photos 16/17 show patio/deck and some yard/view context but not house plus backyard/lot together from above.; Subject appears to be a vacant corner lot with no house present; z18/z19 provide context only. Google quality is good, but coverage does not satisfy house+backyard/lot need.",Ground context only; verify no aerial/elevated angle was missed.
low,10631447,2527 LEDGEROCK Ridge,mls_ground_backyard_context_only,,listing,"1,2,4,11,15",data\contact_sheets\columbia_valley\2527-ledgerock-ridge-10631447\aerial_contact_sheet.jpg,,data\alternate_contact_sheets\google\columbia-valley\2527-ledgerock-ridge-10631447\google_satellite_contact_sheet.jpg,data\mls_contact_sheets\columbia_valley\2527-ledgerock-ridge-10631447\mls_contact_sheet.jpg,"Vision batch 003: print_mockup_potential=low; best_candidate_tile=none; All aerial tiles show 'Map data not yet available'; no property features visible.; Good exterior/front and deck/view images, but no clear aerial or elevated house-plus-lot context.; Crosshair appears over roadway/commercial intersection area; no clear house plus backyard/lot view.",Ground context only; verify no aerial/elevated angle was missed.
low,10678423,9905 OSPREY LANDING Drive,no_usable_aerial_candidate_after_full_review,,point_geocode,"16,18,20,21,22,23,24",data\contact_sheets\cranbrook_kimberley\9905-osprey-landing-drive-10678423\aerial_contact_sheet.jpg,data\alternate_contact_sheets\bing\cranbrook-kimberley\9905-osprey-landing-drive-10678423\bing_aerial_contact_sheet.jpg,data\alternate_contact_sheets\google\cranbrook-kimberley\9905-osprey-landing-drive-10678423\google_satellite_contact_sheet.jpg,data\mls_contact_sheets\cranbrook_kimberley\9905-osprey-landing-drive-10678423\mls_contact_sheet.jpg,"Automated placeholder detection: all aerial tiles appear to be Esri no-imagery placeholders; use MLS/contact-sheet path instead.; Coordinate fallback applied: 9905 Osprey Landing Dr, Wardner, British Columbia, V0B 2J0 (arcgis_world_geocoder_manual_variant); recollected ArcGIS z19 tiles. Automated placeholder detection: all aerial tiles appear to be Esri no-imagery placeholders; use MLS/contact-sheet path instead.; Deck, wooded lot, and exterior shots are present, including rear/side house context, but no clear drone/aerial/top-down house-plus-lot photo.; Coordinate-refinement review: red center tile is mainly road and dense trees; no identifiable target house plus backyard/lot together at the coordinate.; Coordinate appears in dense trees near lakeshore; house/backyard not clearly visible together at any zoom.",Final no-candidate row; verify only if needed.
