source_label,listing_id,address,downloaded_mls_thumbnails,possible_outdoor_backyard_aerial_candidates,mls_contact_sheet,reuse_rights,notes
Columbia Valley,10604265,4827 HOLLAND Crescent,10,10,data\mls_contact_sheets\columbia_valley\4827-holland-crescent-10604265\mls_contact_sheet.jpg,unknown_research_only,Candidate score is a color/texture proxy; human or vision review still required.
Columbia Valley,10619308,368 PANORAMA Place,19,19,data\mls_contact_sheets\columbia_valley\368-panorama-place-10619308\mls_contact_sheet.jpg,unknown_research_only,Candidate score is a color/texture proxy; human or vision review still required.
Columbia Valley,10675110,6948 COLUMBIA RIDGE Drive,26,26,data\mls_contact_sheets\columbia_valley\6948-columbia-ridge-drive-10675110\mls_contact_sheet.jpg,unknown_research_only,Candidate score is a color/texture proxy; human or vision review still required.
Columbia Valley,20059692,4891 Glen Eagle Drive,30,30,data\mls_contact_sheets\columbia_valley\4891-glen-eagle-drive-20059692\mls_contact_sheet.jpg,unknown_research_only,Candidate score is a color/texture proxy; human or vision review still required.
Columbia Valley,10684558,890 COPPERPOINT Way,30,18,data\mls_contact_sheets\columbia_valley\890-copperpoint-way-10684558\mls_contact_sheet.jpg,unknown_research_only,Candidate score is a color/texture proxy; human or vision review still required.
Columbia Valley,10682769,5025 RIVERVIEW Road,12,12,data\mls_contact_sheets\columbia_valley\5025-riverview-road-10682769\mls_contact_sheet.jpg,unknown_research_only,Candidate score is a color/texture proxy; human or vision review still required.
Columbia Valley,10573050,5009 FAIRWAY Drive,10,10,data\mls_contact_sheets\columbia_valley\5009-fairway-drive-10573050\mls_contact_sheet.jpg,unknown_research_only,Candidate score is a color/texture proxy; human or vision review still required.
Columbia Valley,10592929,4582 COLUMBIA VIEW Road,10,10,data\mls_contact_sheets\columbia_valley\4582-columbia-view-road-10592929\mls_contact_sheet.jpg,unknown_research_only,Candidate score is a color/texture proxy; human or vision review still required.
Columbia Valley,10647009,1502 PINERIDGE MOUNTAIN Place,30,30,data\mls_contact_sheets\columbia_valley\1502-pineridge-mountain-place-10647009\mls_contact_sheet.jpg,unknown_research_only,Candidate score is a color/texture proxy; human or vision review still required.
Columbia Valley,10665224,946 RIDGE Place,30,29,data\mls_contact_sheets\columbia_valley\946-ridge-place-10665224\mls_contact_sheet.jpg,unknown_research_only,Candidate score is a color/texture proxy; human or vision review still required.
Columbia Valley,10669410,2572 LEDGEROCK Ridge,30,27,data\mls_contact_sheets\columbia_valley\2572-ledgerock-ridge-10669410\mls_contact_sheet.jpg,unknown_research_only,Candidate score is a color/texture proxy; human or vision review still required.
Columbia Valley,10675551,1101 6TH Street,30,29,data\mls_contact_sheets\columbia_valley\1101-6th-street-10675551\mls_contact_sheet.jpg,unknown_research_only,Candidate score is a color/texture proxy; human or vision review still required.
Columbia Valley,10680493,4958 MERLO Road,30,19,data\mls_contact_sheets\columbia_valley\4958-merlo-road-10680493\mls_contact_sheet.jpg,unknown_research_only,Candidate score is a color/texture proxy; human or vision review still required.
Columbia Valley,10683660,5138 RIVERVIEW Crescent,30,23,data\mls_contact_sheets\columbia_valley\5138-riverview-crescent-10683660\mls_contact_sheet.jpg,unknown_research_only,Candidate score is a color/texture proxy; human or vision review still required.
Columbia Valley,20021525,4585 COLUMERE Road,30,25,data\mls_contact_sheets\columbia_valley\4585-columere-road-20021525\mls_contact_sheet.jpg,unknown_research_only,Candidate score is a color/texture proxy; human or vision review still required.
Columbia Valley,20021647,13-640 UPPER LAKEVIEW Road,29,27,data\mls_contact_sheets\columbia_valley\13-640-upper-lakeview-road-20021647\mls_contact_sheet.jpg,unknown_research_only,Candidate score is a color/texture proxy; human or vision review still required.
Columbia Valley,20040895,930 COPPER POINT Way,30,18,data\mls_contact_sheets\columbia_valley\930-copper-point-way-20040895\mls_contact_sheet.jpg,unknown_research_only,Candidate score is a color/texture proxy; human or vision review still required.
Columbia Valley,20084577,4885 Carnoustie Place,30,27,data\mls_contact_sheets\columbia_valley\4885-carnoustie-place-20084577\mls_contact_sheet.jpg,unknown_research_only,Candidate score is a color/texture proxy; human or vision review still required.
Columbia Valley,20087320,896 Copper Point Way,30,21,data\mls_contact_sheets\columbia_valley\896-copper-point-way-20087320\mls_contact_sheet.jpg,unknown_research_only,Candidate score is a color/texture proxy; human or vision review still required.
Columbia Valley,20038863,960 COPPER POINT Way,30,30,data\mls_contact_sheets\columbia_valley\960-copper-point-way-20038863\mls_contact_sheet.jpg,unknown_research_only,Candidate score is a color/texture proxy; human or vision review still required.
Columbia Valley,20051381,31 - 640 Upper Lakeview Road,30,21,data\mls_contact_sheets\columbia_valley\31-640-upper-lakeview-road-20051381\mls_contact_sheet.jpg,unknown_research_only,Candidate score is a color/texture proxy; human or vision review still required.
Columbia Valley,10645721,799 LAKEVIEW MEADOWS Point,30,28,data\mls_contact_sheets\columbia_valley\799-lakeview-meadows-point-10645721\mls_contact_sheet.jpg,unknown_research_only,Candidate score is a color/texture proxy; human or vision review still required.
Columbia Valley,10677817,5151 RIVERVIEW Road,30,22,data\mls_contact_sheets\columbia_valley\5151-riverview-road-10677817\mls_contact_sheet.jpg,unknown_research_only,Candidate score is a color/texture proxy; human or vision review still required.
Columbia Valley,10683812,958 COPPER POINT Way,30,30,data\mls_contact_sheets\columbia_valley\958-copper-point-way-10683812\mls_contact_sheet.jpg,unknown_research_only,Candidate score is a color/texture proxy; human or vision review still required.
Columbia Valley,20080295,5132 Riverview Crescent,30,27,data\mls_contact_sheets\columbia_valley\5132-riverview-crescent-20080295\mls_contact_sheet.jpg,unknown_research_only,Candidate score is a color/texture proxy; human or vision review still required.
Columbia Valley,10658844,1059 SWANSEA Road,30,30,data\mls_contact_sheets\columbia_valley\1059-swansea-road-10658844\mls_contact_sheet.jpg,unknown_research_only,Candidate score is a color/texture proxy; human or vision review still required.
Columbia Valley,10521676,1753 2ND Avenue,1,1,data\mls_contact_sheets\columbia_valley\1753-2nd-avenue-10521676\mls_contact_sheet.jpg,unknown_research_only,Candidate score is a color/texture proxy; human or vision review still required.
Columbia Valley,10660875,5938 COLUMBIA LAKE Road,30,29,data\mls_contact_sheets\columbia_valley\5938-columbia-lake-road-10660875\mls_contact_sheet.jpg,unknown_research_only,Candidate score is a color/texture proxy; human or vision review still required.
Columbia Valley,10665854,4874 RIDGE Crescent,30,26,data\mls_contact_sheets\columbia_valley\4874-ridge-crescent-10665854\mls_contact_sheet.jpg,unknown_research_only,Candidate score is a color/texture proxy; human or vision review still required.
Columbia Valley,10680589,2510 COBBLESTONE Trail,30,30,data\mls_contact_sheets\columbia_valley\2510-cobblestone-trail-10680589\mls_contact_sheet.jpg,unknown_research_only,Candidate score is a color/texture proxy; human or vision review still required.
Columbia Valley,20026178,137 12A Avenue,30,23,data\mls_contact_sheets\columbia_valley\137-12a-avenue-20026178\mls_contact_sheet.jpg,unknown_research_only,Candidate score is a color/texture proxy; human or vision review still required.
Columbia Valley,20057362,7-640 UPPER LAKEVIEW Road,30,29,data\mls_contact_sheets\columbia_valley\7-640-upper-lakeview-road-20057362\mls_contact_sheet.jpg,unknown_research_only,Candidate score is a color/texture proxy; human or vision review still required.
Columbia Valley,20061096,5221 Columbia River Road,30,29,data\mls_contact_sheets\columbia_valley\5221-columbia-river-road-20061096\mls_contact_sheet.jpg,unknown_research_only,Candidate score is a color/texture proxy; human or vision review still required.
Columbia Valley,10673667,4985 MOUNTAIN TOP Drive,30,11,data\mls_contact_sheets\columbia_valley\4985-mountain-top-drive-10673667\mls_contact_sheet.jpg,unknown_research_only,Candidate score is a color/texture proxy; human or vision review still required.
Columbia Valley,10675078,1745 SWANSEA Avenue,30,12,data\mls_contact_sheets\columbia_valley\1745-swansea-avenue-10675078\mls_contact_sheet.jpg,unknown_research_only,Candidate score is a color/texture proxy; human or vision review still required.
Columbia Valley,10664190,9982 WILDWOOD Lane,30,29,data\mls_contact_sheets\columbia_valley\9982-wildwood-lane-10664190\mls_contact_sheet.jpg,unknown_research_only,Candidate score is a color/texture proxy; human or vision review still required.
Columbia Valley,10670913,8042 MCINTOSH LOOP Road,30,30,data\mls_contact_sheets\columbia_valley\8042-mcintosh-loop-road-10670913\mls_contact_sheet.jpg,unknown_research_only,Candidate score is a color/texture proxy; human or vision review still required.
Columbia Valley,10682429,4476 COLUMBIA VIEW Road,30,23,data\mls_contact_sheets\columbia_valley\4476-columbia-view-road-10682429\mls_contact_sheet.jpg,unknown_research_only,Candidate score is a color/texture proxy; human or vision review still required.
Columbia Valley,20049602,1509 10th Avenue,30,24,data\mls_contact_sheets\columbia_valley\1509-10th-avenue-20049602\mls_contact_sheet.jpg,unknown_research_only,Candidate score is a color/texture proxy; human or vision review still required.
Columbia Valley,10646987,815 LAKEVIEW MEADOWS GREEN,30,30,data\mls_contact_sheets\columbia_valley\815-lakeview-meadows-green-10646987\mls_contact_sheet.jpg,unknown_research_only,Candidate score is a color/texture proxy; human or vision review still required.
Columbia Valley,10672919,6894 COLUMBIA RIDGE Drive,30,27,data\mls_contact_sheets\columbia_valley\6894-columbia-ridge-drive-10672919\mls_contact_sheet.jpg,unknown_research_only,Candidate score is a color/texture proxy; human or vision review still required.
Columbia Valley,20049552,1325 12 Avenue,30,29,data\mls_contact_sheets\columbia_valley\1325-12-avenue-20049552\mls_contact_sheet.jpg,unknown_research_only,Candidate score is a color/texture proxy; human or vision review still required.
Columbia Valley,10673047,4576 COLUMERE Road,30,30,data\mls_contact_sheets\columbia_valley\4576-columere-road-10673047\mls_contact_sheet.jpg,unknown_research_only,Candidate score is a color/texture proxy; human or vision review still required.
Columbia Valley,10623245,5160 RIVERSIDE Drive,17,17,data\mls_contact_sheets\columbia_valley\5160-riverside-drive-10623245\mls_contact_sheet.jpg,unknown_research_only,Candidate score is a color/texture proxy; human or vision review still required.
Columbia Valley,10647683,6949 COLUMBIA RIDGE Drive,30,29,data\mls_contact_sheets\columbia_valley\6949-columbia-ridge-drive-10647683\mls_contact_sheet.jpg,unknown_research_only,Candidate score is a color/texture proxy; human or vision review still required.
Columbia Valley,10650416,1973 GREYWOLF Drive,24,21,data\mls_contact_sheets\columbia_valley\1973-greywolf-drive-10650416\mls_contact_sheet.jpg,unknown_research_only,Candidate score is a color/texture proxy; human or vision review still required.
Columbia Valley,10657869,1122 HILLTOP Road,30,28,data\mls_contact_sheets\columbia_valley\1122-hilltop-road-10657869\mls_contact_sheet.jpg,unknown_research_only,Candidate score is a color/texture proxy; human or vision review still required.
Columbia Valley,10672915,3415 CROOKED TREE Place,30,30,data\mls_contact_sheets\columbia_valley\3415-crooked-tree-place-10672915\mls_contact_sheet.jpg,unknown_research_only,Candidate score is a color/texture proxy; human or vision review still required.
Columbia Valley,10673650,4949 MOUNTAIN HILL Road,30,28,data\mls_contact_sheets\columbia_valley\4949-mountain-hill-road-10673650\mls_contact_sheet.jpg,unknown_research_only,Candidate score is a color/texture proxy; human or vision review still required.
Columbia Valley,10683098,1440 CANTERBURY Close,30,25,data\mls_contact_sheets\columbia_valley\1440-canterbury-close-10683098\mls_contact_sheet.jpg,unknown_research_only,Candidate score is a color/texture proxy; human or vision review still required.
Columbia Valley,10684446,2543 LEDGEROCK Ridge,30,30,data\mls_contact_sheets\columbia_valley\2543-ledgerock-ridge-10684446\mls_contact_sheet.jpg,unknown_research_only,Candidate score is a color/texture proxy; human or vision review still required.
Columbia Valley,10680461,4671 POPLAR Street,30,14,data\mls_contact_sheets\columbia_valley\4671-poplar-street-10680461\mls_contact_sheet.jpg,unknown_research_only,Candidate score is a color/texture proxy; human or vision review still required.
Columbia Valley,10685465,1715 3RD Avenue,30,16,data\mls_contact_sheets\columbia_valley\1715-3rd-avenue-10685465\mls_contact_sheet.jpg,unknown_research_only,Candidate score is a color/texture proxy; human or vision review still required.
Columbia Valley,10672111,2577 SANDSTONE Circle,30,30,data\mls_contact_sheets\columbia_valley\2577-sandstone-circle-10672111\mls_contact_sheet.jpg,unknown_research_only,Candidate score is a color/texture proxy; human or vision review still required.
Columbia Valley,10680456,2580 SANDSTONE View,30,29,data\mls_contact_sheets\columbia_valley\2580-sandstone-view-10680456\mls_contact_sheet.jpg,unknown_research_only,Candidate score is a color/texture proxy; human or vision review still required.
Columbia Valley,10673624,8414 RICHARDSON Crescent,30,28,data\mls_contact_sheets\columbia_valley\8414-richardson-crescent-10673624\mls_contact_sheet.jpg,unknown_research_only,Candidate score is a color/texture proxy; human or vision review still required.
Columbia Valley,20071157,974 SWANSEA VIEW Road,30,18,data\mls_contact_sheets\columbia_valley\974-swansea-view-road-20071157\mls_contact_sheet.jpg,unknown_research_only,Candidate score is a color/texture proxy; human or vision review still required.
Columbia Valley,10570990,5156 RIVERVIEW Crescent,10,10,data\mls_contact_sheets\columbia_valley\5156-riverview-crescent-10570990\mls_contact_sheet.jpg,unknown_research_only,Candidate score is a color/texture proxy; human or vision review still required.
Columbia Valley,10629099,4815 HOLLAND CREEK RIDGE Road,20,20,data\mls_contact_sheets\columbia_valley\4815-holland-creek-ridge-road-10629099\mls_contact_sheet.jpg,unknown_research_only,Candidate score is a color/texture proxy; human or vision review still required.
Columbia Valley,10639146,823 LAKEVIEW MEADOWS GREEN,30,30,data\mls_contact_sheets\columbia_valley\823-lakeview-meadows-green-10639146\mls_contact_sheet.jpg,unknown_research_only,Candidate score is a color/texture proxy; human or vision review still required.
Columbia Valley,10662523,4816 RIDGE Drive,30,11,data\mls_contact_sheets\columbia_valley\4816-ridge-drive-10662523\mls_contact_sheet.jpg,unknown_research_only,Candidate score is a color/texture proxy; human or vision review still required.
Columbia Valley,10677502,2537 LEDGEROCK Ridge,30,30,data\mls_contact_sheets\columbia_valley\2537-ledgerock-ridge-10677502\mls_contact_sheet.jpg,unknown_research_only,Candidate score is a color/texture proxy; human or vision review still required.
Columbia Valley,20020845,1921 PINERIDGE MOUNTAIN Trail,2,1,data\mls_contact_sheets\columbia_valley\1921-pineridge-mountain-trail-20020845\mls_contact_sheet.jpg,unknown_research_only,Candidate score is a color/texture proxy; human or vision review still required.
Columbia Valley,20021336,781 WESTRIDGE Drive,30,27,data\mls_contact_sheets\columbia_valley\781-westridge-drive-20021336\mls_contact_sheet.jpg,unknown_research_only,Candidate score is a color/texture proxy; human or vision review still required.
Columbia Valley,20026072,4992 MOUNTAIN VIEW Drive,30,30,data\mls_contact_sheets\columbia_valley\4992-mountain-view-drive-20026072\mls_contact_sheet.jpg,unknown_research_only,Candidate score is a color/texture proxy; human or vision review still required.
Columbia Valley,20046407,4824 MCKAY Street,30,29,data\mls_contact_sheets\columbia_valley\4824-mckay-street-20046407\mls_contact_sheet.jpg,unknown_research_only,Candidate score is a color/texture proxy; human or vision review still required.
Columbia Valley,10669795,7043 ELK RIDGE Road,30,30,data\mls_contact_sheets\columbia_valley\7043-elk-ridge-road-10669795\mls_contact_sheet.jpg,unknown_research_only,Candidate score is a color/texture proxy; human or vision review still required.
Columbia Valley,10563296,1007 4TH Avenue,7,7,data\mls_contact_sheets\columbia_valley\1007-4th-avenue-10563296\mls_contact_sheet.jpg,unknown_research_only,Candidate score is a color/texture proxy; human or vision review still required.
Columbia Valley,10590002,4642 ROWAN Street,10,10,data\mls_contact_sheets\columbia_valley\4642-rowan-street-10590002\mls_contact_sheet.jpg,unknown_research_only,Candidate score is a color/texture proxy; human or vision review still required.
Columbia Valley,10588693,885 COPPERVIEW Close,3,3,data\mls_contact_sheets\columbia_valley\885-copperview-close-10588693\mls_contact_sheet.jpg,unknown_research_only,Candidate score is a color/texture proxy; human or vision review still required.
Columbia Valley,10662424,7503 SUN VALLEY Place,30,30,data\mls_contact_sheets\columbia_valley\7503-sun-valley-place-10662424\mls_contact_sheet.jpg,unknown_research_only,Candidate score is a color/texture proxy; human or vision review still required.
Columbia Valley,20050440,959 COPPER POINT Way,30,27,data\mls_contact_sheets\columbia_valley\959-copper-point-way-20050440\mls_contact_sheet.jpg,unknown_research_only,Candidate score is a color/texture proxy; human or vision review still required.
Columbia Valley,20076380,4573 Columere Road,30,27,data\mls_contact_sheets\columbia_valley\4573-columere-road-20076380\mls_contact_sheet.jpg,unknown_research_only,Candidate score is a color/texture proxy; human or vision review still required.
Columbia Valley,10671250,2588 LEDGEROCK Ridge,30,30,data\mls_contact_sheets\columbia_valley\2588-ledgerock-ridge-10671250\mls_contact_sheet.jpg,unknown_research_only,Candidate score is a color/texture proxy; human or vision review still required.
Columbia Valley,10665254,815 LAKEVIEW MEADOWS GREEN,4,4,data\mls_contact_sheets\columbia_valley\815-lakeview-meadows-green-10665254\mls_contact_sheet.jpg,unknown_research_only,Candidate score is a color/texture proxy; human or vision review still required.
Columbia Valley,10685328,961 COPPER POINT Way,30,28,data\mls_contact_sheets\columbia_valley\961-copper-point-way-10685328\mls_contact_sheet.jpg,unknown_research_only,Candidate score is a color/texture proxy; human or vision review still required.
Columbia Valley,10523709,515 LAKEVIEW Place,1,1,data\mls_contact_sheets\columbia_valley\515-lakeview-place-10523709\mls_contact_sheet.jpg,unknown_research_only,Candidate score is a color/texture proxy; human or vision review still required.
Columbia Valley,10565896,4859 HOLLAND CK RIDGE Road,7,7,data\mls_contact_sheets\columbia_valley\4859-holland-ck-ridge-road-10565896\mls_contact_sheet.jpg,unknown_research_only,Candidate score is a color/texture proxy; human or vision review still required.
Columbia Valley,10569690,4927 LAKEVIEW MEADOWS Close,5,5,data\mls_contact_sheets\columbia_valley\4927-lakeview-meadows-close-10569690\mls_contact_sheet.jpg,unknown_research_only,Candidate score is a color/texture proxy; human or vision review still required.
Columbia Valley,10572288,4552 COLUMBIA VIEW Road,10,10,data\mls_contact_sheets\columbia_valley\4552-columbia-view-road-10572288\mls_contact_sheet.jpg,unknown_research_only,Candidate score is a color/texture proxy; human or vision review still required.
Columbia Valley,10573769,1513 LAKEVIEW Lane,10,10,data\mls_contact_sheets\columbia_valley\1513-lakeview-lane-10573769\mls_contact_sheet.jpg,unknown_research_only,Candidate score is a color/texture proxy; human or vision review still required.
Columbia Valley,10574816,1 BIGHORN SHEEP Lane,8,8,data\mls_contact_sheets\columbia_valley\1-bighorn-sheep-lane-10574816\mls_contact_sheet.jpg,unknown_research_only,Candidate score is a color/texture proxy; human or vision review still required.
Columbia Valley,10587559,4905 LAKEVIEW MEADOWS Close,10,10,data\mls_contact_sheets\columbia_valley\4905-lakeview-meadows-close-10587559\mls_contact_sheet.jpg,unknown_research_only,Candidate score is a color/texture proxy; human or vision review still required.
Columbia Valley,10589073,1453 STODDART Avenue,10,10,data\mls_contact_sheets\columbia_valley\1453-stoddart-avenue-10589073\mls_contact_sheet.jpg,unknown_research_only,Candidate score is a color/texture proxy; human or vision review still required.
Columbia Valley,10607338,4764 TIMBER RIDGE Road,10,9,data\mls_contact_sheets\columbia_valley\4764-timber-ridge-road-10607338\mls_contact_sheet.jpg,unknown_research_only,Candidate score is a color/texture proxy; human or vision review still required.
Columbia Valley,10613313,964 LAKEVIEW MEADOWS GLEN,10,10,data\mls_contact_sheets\columbia_valley\964-lakeview-meadows-glen-10613313\mls_contact_sheet.jpg,unknown_research_only,Candidate score is a color/texture proxy; human or vision review still required.
Columbia Valley,10631280,4808 LAKEHILL Road,19,19,data\mls_contact_sheets\columbia_valley\4808-lakehill-road-10631280\mls_contact_sheet.jpg,unknown_research_only,Candidate score is a color/texture proxy; human or vision review still required.
Columbia Valley,10631447,2527 LEDGEROCK Ridge,16,16,data\mls_contact_sheets\columbia_valley\2527-ledgerock-ridge-10631447\mls_contact_sheet.jpg,unknown_research_only,Candidate score is a color/texture proxy; human or vision review still required.
Columbia Valley,10638399,7549 SPRINGS Terrace,30,29,data\mls_contact_sheets\columbia_valley\7549-springs-terrace-10638399\mls_contact_sheet.jpg,unknown_research_only,Candidate score is a color/texture proxy; human or vision review still required.
Columbia Valley,10644065,4806 HOLLAND CREEK RIDGE Road,30,30,data\mls_contact_sheets\columbia_valley\4806-holland-creek-ridge-road-10644065\mls_contact_sheet.jpg,unknown_research_only,Candidate score is a color/texture proxy; human or vision review still required.
Columbia Valley,10650499,402 WESTRIDGE View,30,30,data\mls_contact_sheets\columbia_valley\402-westridge-view-10650499\mls_contact_sheet.jpg,unknown_research_only,Candidate score is a color/texture proxy; human or vision review still required.
Columbia Valley,10654610,850 LAKEVIEW MEADOWS Road,30,29,data\mls_contact_sheets\columbia_valley\850-lakeview-meadows-road-10654610\mls_contact_sheet.jpg,unknown_research_only,Candidate score is a color/texture proxy; human or vision review still required.
Columbia Valley,10659027,4642 ROWAN Street,30,26,data\mls_contact_sheets\columbia_valley\4642-rowan-street-10659027\mls_contact_sheet.jpg,unknown_research_only,Candidate score is a color/texture proxy; human or vision review still required.
Columbia Valley,10660407,2589 LEDGEROCK Court,30,26,data\mls_contact_sheets\columbia_valley\2589-ledgerock-court-10660407\mls_contact_sheet.jpg,unknown_research_only,Candidate score is a color/texture proxy; human or vision review still required.
Columbia Valley,10660433,4942 MOUNTAIN HILL Road,30,30,data\mls_contact_sheets\columbia_valley\4942-mountain-hill-road-10660433\mls_contact_sheet.jpg,unknown_research_only,Candidate score is a color/texture proxy; human or vision review still required.
Columbia Valley,10666174,4931 MOUNTAIN VIEW Drive,4,4,data\mls_contact_sheets\columbia_valley\4931-mountain-view-drive-10666174\mls_contact_sheet.jpg,unknown_research_only,Candidate score is a color/texture proxy; human or vision review still required.
Columbia Valley,10667320,1018 SWANSEA Road,30,30,data\mls_contact_sheets\columbia_valley\1018-swansea-road-10667320\mls_contact_sheet.jpg,unknown_research_only,Candidate score is a color/texture proxy; human or vision review still required.
Columbia Valley,10671043,4690 NORTH Street,30,30,data\mls_contact_sheets\columbia_valley\4690-north-street-10671043\mls_contact_sheet.jpg,unknown_research_only,Candidate score is a color/texture proxy; human or vision review still required.
Columbia Valley,10672747,6925 COLUMBIA RIDGE Drive,30,20,data\mls_contact_sheets\columbia_valley\6925-columbia-ridge-drive-10672747\mls_contact_sheet.jpg,unknown_research_only,Candidate score is a color/texture proxy; human or vision review still required.
Columbia Valley,10676060,1825 TAYNTON Road,30,29,data\mls_contact_sheets\columbia_valley\1825-taynton-road-10676060\mls_contact_sheet.jpg,unknown_research_only,Candidate score is a color/texture proxy; human or vision review still required.
Cranbrook/Kimberley,20073830,311 302nd Avenue,30,24,data\mls_contact_sheets\cranbrook_kimberley\311-302nd-avenue-20073830\mls_contact_sheet.jpg,unknown_research_only,Candidate score is a color/texture proxy; human or vision review still required.
Cranbrook/Kimberley,20078478,75 103RD Avenue,30,30,data\mls_contact_sheets\cranbrook_kimberley\75-103rd-avenue-20078478\mls_contact_sheet.jpg,unknown_research_only,Candidate score is a color/texture proxy; human or vision review still required.
Cranbrook/Kimberley,20071254,317 Legacy Lookout,28,19,data\mls_contact_sheets\cranbrook_kimberley\317-legacy-lookout-20071254\mls_contact_sheet.jpg,unknown_research_only,Candidate score is a color/texture proxy; human or vision review still required.
Cranbrook/Kimberley,10657484,1701 3RD S Avenue,14,13,data\mls_contact_sheets\cranbrook_kimberley\1701-3rd-s-avenue-10657484\mls_contact_sheet.jpg,unknown_research_only,Candidate score is a color/texture proxy; human or vision review still required.
Cranbrook/Kimberley,10669940,518 FOREST CROWNE Drive,5,4,data\mls_contact_sheets\cranbrook_kimberley\518-forest-crowne-drive-10669940\mls_contact_sheet.jpg,unknown_research_only,Candidate score is a color/texture proxy; human or vision review still required.
Cranbrook/Kimberley,20063623,3101 5th Street S,30,28,data\mls_contact_sheets\cranbrook_kimberley\3101-5th-street-s-20063623\mls_contact_sheet.jpg,unknown_research_only,Candidate score is a color/texture proxy; human or vision review still required.
Cranbrook/Kimberley,20073637,454 Forest Crowne Rise,30,29,data\mls_contact_sheets\cranbrook_kimberley\454-forest-crowne-rise-20073637\mls_contact_sheet.jpg,unknown_research_only,Candidate score is a color/texture proxy; human or vision review still required.
Cranbrook/Kimberley,10670897,1905 16TH S Street,30,29,data\mls_contact_sheets\cranbrook_kimberley\1905-16th-s-street-10670897\mls_contact_sheet.jpg,unknown_research_only,Candidate score is a color/texture proxy; human or vision review still required.
Cranbrook/Kimberley,20084357,233 Boulder Creek,30,26,data\mls_contact_sheets\cranbrook_kimberley\233-boulder-creek-20084357\mls_contact_sheet.jpg,unknown_research_only,Candidate score is a color/texture proxy; human or vision review still required.
Cranbrook/Kimberley,10682881,447 CROWNE RISE Forest,30,29,data\mls_contact_sheets\cranbrook_kimberley\447-crowne-rise-forest-10682881\mls_contact_sheet.jpg,unknown_research_only,Candidate score is a color/texture proxy; human or vision review still required.
Cranbrook/Kimberley,20058040,205 309th Avenue,30,30,data\mls_contact_sheets\cranbrook_kimberley\205-309th-avenue-20058040\mls_contact_sheet.jpg,unknown_research_only,Candidate score is a color/texture proxy; human or vision review still required.
Cranbrook/Kimberley,10693834,821 6TH Avenue,30,30,data\mls_contact_sheets\cranbrook_kimberley\821-6th-avenue-10693834\mls_contact_sheet.jpg,unknown_research_only,Candidate score is a color/texture proxy; human or vision review still required.
Cranbrook/Kimberley,20027125,1282 23RD S Street,30,29,data\mls_contact_sheets\cranbrook_kimberley\1282-23rd-s-street-20027125\mls_contact_sheet.jpg,unknown_research_only,Candidate score is a color/texture proxy; human or vision review still required.
Cranbrook/Kimberley,20060670,717 27th Avenue S,30,17,data\mls_contact_sheets\cranbrook_kimberley\717-27th-avenue-s-20060670\mls_contact_sheet.jpg,unknown_research_only,Candidate score is a color/texture proxy; human or vision review still required.
Cranbrook/Kimberley,20074790,215 13th Avenue S,30,30,data\mls_contact_sheets\cranbrook_kimberley\215-13th-avenue-s-20074790\mls_contact_sheet.jpg,unknown_research_only,Candidate score is a color/texture proxy; human or vision review still required.
Cranbrook/Kimberley,10675733,1732 20TH S Avenue,30,30,data\mls_contact_sheets\cranbrook_kimberley\1732-20th-s-avenue-10675733\mls_contact_sheet.jpg,unknown_research_only,Candidate score is a color/texture proxy; human or vision review still required.
Cranbrook/Kimberley,10667018,129 STEMWINDER Drive,25,25,data\mls_contact_sheets\cranbrook_kimberley\129-stemwinder-drive-10667018\mls_contact_sheet.jpg,unknown_research_only,Candidate score is a color/texture proxy; human or vision review still required.
Cranbrook/Kimberley,10667357,1464 SOUTHVIEW Drive,30,24,data\mls_contact_sheets\cranbrook_kimberley\1464-southview-drive-10667357\mls_contact_sheet.jpg,unknown_research_only,Candidate score is a color/texture proxy; human or vision review still required.
Cranbrook/Kimberley,20053388,2715 3rd Street S,30,25,data\mls_contact_sheets\cranbrook_kimberley\2715-3rd-street-s-20053388\mls_contact_sheet.jpg,unknown_research_only,Candidate score is a color/texture proxy; human or vision review still required.
Cranbrook/Kimberley,20068527,1908 12th Street S,30,27,data\mls_contact_sheets\cranbrook_kimberley\1908-12th-street-s-20068527\mls_contact_sheet.jpg,unknown_research_only,Candidate score is a color/texture proxy; human or vision review still required.
Cranbrook/Kimberley,20070160,530 Trail Street,30,30,data\mls_contact_sheets\cranbrook_kimberley\530-trail-street-20070160\mls_contact_sheet.jpg,unknown_research_only,Candidate score is a color/texture proxy; human or vision review still required.
Cranbrook/Kimberley,20078342,209 31st Avenue S,30,28,data\mls_contact_sheets\cranbrook_kimberley\209-31st-avenue-s-20078342\mls_contact_sheet.jpg,unknown_research_only,Candidate score is a color/texture proxy; human or vision review still required.
Cranbrook/Kimberley,20081980,606 302nd Street,30,28,data\mls_contact_sheets\cranbrook_kimberley\606-302nd-street-20081980\mls_contact_sheet.jpg,unknown_research_only,Candidate score is a color/texture proxy; human or vision review still required.
Cranbrook/Kimberley,20047369,303 Legacy Lookout,12,12,data\mls_contact_sheets\cranbrook_kimberley\303-legacy-lookout-20047369\mls_contact_sheet.jpg,unknown_research_only,Candidate score is a color/texture proxy; human or vision review still required.
Cranbrook/Kimberley,20069196,1646 MT PYRAMID Crescent,30,21,data\mls_contact_sheets\cranbrook_kimberley\1646-mt-pyramid-crescent-20069196\mls_contact_sheet.jpg,unknown_research_only,Candidate score is a color/texture proxy; human or vision review still required.
Cranbrook/Kimberley,10681908,300 LEGACY LOOKOUT,29,17,data\mls_contact_sheets\cranbrook_kimberley\300-legacy-lookout-10681908\mls_contact_sheet.jpg,unknown_research_only,Candidate score is a color/texture proxy; human or vision review still required.
Cranbrook/Kimberley,20043585,254 305TH Avenue,30,30,data\mls_contact_sheets\cranbrook_kimberley\254-305th-avenue-20043585\mls_contact_sheet.jpg,unknown_research_only,Candidate score is a color/texture proxy; human or vision review still required.
Cranbrook/Kimberley,20080078,335 16th Avenue S,30,22,data\mls_contact_sheets\cranbrook_kimberley\335-16th-avenue-s-20080078\mls_contact_sheet.jpg,unknown_research_only,Candidate score is a color/texture proxy; human or vision review still required.
Cranbrook/Kimberley,10626846,18-6674 WARDNER-KIKOMUM Road,20,20,data\mls_contact_sheets\cranbrook_kimberley\18-6674-wardner-kikomum-road-10626846\mls_contact_sheet.jpg,unknown_research_only,Candidate score is a color/texture proxy; human or vision review still required.
Cranbrook/Kimberley,20026282,32-1401 30TH N Avenue,19,15,data\mls_contact_sheets\cranbrook_kimberley\32-1401-30th-n-avenue-20026282\mls_contact_sheet.jpg,unknown_research_only,Candidate score is a color/texture proxy; human or vision review still required.
Cranbrook/Kimberley,10672843,150 SULLIVAN Drive,30,29,data\mls_contact_sheets\cranbrook_kimberley\150-sullivan-drive-10672843\mls_contact_sheet.jpg,unknown_research_only,Candidate score is a color/texture proxy; human or vision review still required.
Cranbrook/Kimberley,10685008,700 22ND S Avenue,30,29,data\mls_contact_sheets\cranbrook_kimberley\700-22nd-s-avenue-10685008\mls_contact_sheet.jpg,unknown_research_only,Candidate score is a color/texture proxy; human or vision review still required.
Cranbrook/Kimberley,10658252,812 17TH S Street,8,4,data\mls_contact_sheets\cranbrook_kimberley\812-17th-s-street-10658252\mls_contact_sheet.jpg,unknown_research_only,Candidate score is a color/texture proxy; human or vision review still required.
Cranbrook/Kimberley,10669578,9-6324 LAURIER Avenue,30,26,data\mls_contact_sheets\cranbrook_kimberley\9-6324-laurier-avenue-10669578\mls_contact_sheet.jpg,unknown_research_only,Candidate score is a color/texture proxy; human or vision review still required.
Cranbrook/Kimberley,20003058,4315 LAKEVIEW Drive,30,30,data\mls_contact_sheets\cranbrook_kimberley\4315-lakeview-drive-20003058\mls_contact_sheet.jpg,unknown_research_only,Candidate score is a color/texture proxy; human or vision review still required.
Cranbrook/Kimberley,20020840,814 307TH Avenue,30,30,data\mls_contact_sheets\cranbrook_kimberley\814-307th-avenue-20020840\mls_contact_sheet.jpg,unknown_research_only,Candidate score is a color/texture proxy; human or vision review still required.
Cranbrook/Kimberley,20072535,2904 Edgewood Drive,30,29,data\mls_contact_sheets\cranbrook_kimberley\2904-edgewood-drive-20072535\mls_contact_sheet.jpg,unknown_research_only,Candidate score is a color/texture proxy; human or vision review still required.
Cranbrook/Kimberley,10669531,801 22ND S Avenue,30,28,data\mls_contact_sheets\cranbrook_kimberley\801-22nd-s-avenue-10669531\mls_contact_sheet.jpg,unknown_research_only,Candidate score is a color/texture proxy; human or vision review still required.
Cranbrook/Kimberley,10681930,176 SHADOW MOUNTAIN Boulevard,30,29,data\mls_contact_sheets\cranbrook_kimberley\176-shadow-mountain-boulevard-10681930\mls_contact_sheet.jpg,unknown_research_only,Candidate score is a color/texture proxy; human or vision review still required.
Cranbrook/Kimberley,20046086,3104 5th Street S,23,22,data\mls_contact_sheets\cranbrook_kimberley\3104-5th-street-s-20046086\mls_contact_sheet.jpg,unknown_research_only,Candidate score is a color/texture proxy; human or vision review still required.
Cranbrook/Kimberley,20049485,224 Lindsay Street,30,29,data\mls_contact_sheets\cranbrook_kimberley\224-lindsay-street-20049485\mls_contact_sheet.jpg,unknown_research_only,Candidate score is a color/texture proxy; human or vision review still required.
Cranbrook/Kimberley,20050060,350 Legacy Lookout,30,13,data\mls_contact_sheets\cranbrook_kimberley\350-legacy-lookout-20050060\mls_contact_sheet.jpg,unknown_research_only,Candidate score is a color/texture proxy; human or vision review still required.
Cranbrook/Kimberley,20086371,87-1401 Willowbrook Drive N,30,28,data\mls_contact_sheets\cranbrook_kimberley\87-1401-willowbrook-drive-n-20086371\mls_contact_sheet.jpg,unknown_research_only,Candidate score is a color/texture proxy; human or vision review still required.
Cranbrook/Kimberley,20087063,365 Legacy Lookout,30,21,data\mls_contact_sheets\cranbrook_kimberley\365-legacy-lookout-20087063\mls_contact_sheet.jpg,unknown_research_only,Candidate score is a color/texture proxy; human or vision review still required.
Cranbrook/Kimberley,20087226,244 Boulder Creek,30,26,data\mls_contact_sheets\cranbrook_kimberley\244-boulder-creek-20087226\mls_contact_sheet.jpg,unknown_research_only,Candidate score is a color/texture proxy; human or vision review still required.
Cranbrook/Kimberley,20022971,200 BOULDER Creek,30,29,data\mls_contact_sheets\cranbrook_kimberley\200-boulder-creek-20022971\mls_contact_sheet.jpg,unknown_research_only,Candidate score is a color/texture proxy; human or vision review still required.
Cranbrook/Kimberley,20048728,313 17TH Street S,30,22,data\mls_contact_sheets\cranbrook_kimberley\313-17th-street-s-20048728\mls_contact_sheet.jpg,unknown_research_only,Candidate score is a color/texture proxy; human or vision review still required.
Cranbrook/Kimberley,20022594,610 TRAIL Street,12,11,data\mls_contact_sheets\cranbrook_kimberley\610-trail-street-20022594\mls_contact_sheet.jpg,unknown_research_only,Candidate score is a color/texture proxy; human or vision review still required.
Cranbrook/Kimberley,10685535,112 PURCELL Place,29,26,data\mls_contact_sheets\cranbrook_kimberley\112-purcell-place-10685535\mls_contact_sheet.jpg,unknown_research_only,Candidate score is a color/texture proxy; human or vision review still required.
Cranbrook/Kimberley,20048760,438 ALPINE Crescent,30,28,data\mls_contact_sheets\cranbrook_kimberley\438-alpine-crescent-20048760\mls_contact_sheet.jpg,unknown_research_only,Candidate score is a color/texture proxy; human or vision review still required.
Cranbrook/Kimberley,20020530,805 16TH S Street,30,26,data\mls_contact_sheets\cranbrook_kimberley\805-16th-s-street-20020530\mls_contact_sheet.jpg,unknown_research_only,Candidate score is a color/texture proxy; human or vision review still required.
Cranbrook/Kimberley,10654223,145 STEMWINDER Drive,30,29,data\mls_contact_sheets\cranbrook_kimberley\145-stemwinder-drive-10654223\mls_contact_sheet.jpg,unknown_research_only,Candidate score is a color/texture proxy; human or vision review still required.
Cranbrook/Kimberley,10552417,153 STEMWINDER Drive,7,6,data\mls_contact_sheets\cranbrook_kimberley\153-stemwinder-drive-10552417\mls_contact_sheet.jpg,unknown_research_only,Candidate score is a color/texture proxy; human or vision review still required.
Cranbrook/Kimberley,20021100,402 ALPINE Crescent,30,17,data\mls_contact_sheets\cranbrook_kimberley\402-alpine-crescent-20021100\mls_contact_sheet.jpg,unknown_research_only,Candidate score is a color/texture proxy; human or vision review still required.
Cranbrook/Kimberley,20022519,611 NELSON Street,30,30,data\mls_contact_sheets\cranbrook_kimberley\611-nelson-street-20022519\mls_contact_sheet.jpg,unknown_research_only,Candidate score is a color/texture proxy; human or vision review still required.
Cranbrook/Kimberley,20035684,222 Boulder Creek,30,24,data\mls_contact_sheets\cranbrook_kimberley\222-boulder-creek-20035684\mls_contact_sheet.jpg,unknown_research_only,Candidate score is a color/texture proxy; human or vision review still required.
Cranbrook/Kimberley,20040986,205 18 Street S,12,11,data\mls_contact_sheets\cranbrook_kimberley\205-18-street-s-20040986\mls_contact_sheet.jpg,unknown_research_only,Candidate score is a color/texture proxy; human or vision review still required.
Cranbrook/Kimberley,10669905,1609 8TH S Avenue,30,30,data\mls_contact_sheets\cranbrook_kimberley\1609-8th-s-avenue-10669905\mls_contact_sheet.jpg,unknown_research_only,Candidate score is a color/texture proxy; human or vision review still required.
Cranbrook/Kimberley,10673089,112 FOREST CROWNE Crescent,30,30,data\mls_contact_sheets\cranbrook_kimberley\112-forest-crowne-crescent-10673089\mls_contact_sheet.jpg,unknown_research_only,Candidate score is a color/texture proxy; human or vision review still required.
Cranbrook/Kimberley,10674183,1274 23RD S Street,30,28,data\mls_contact_sheets\cranbrook_kimberley\1274-23rd-s-street-10674183\mls_contact_sheet.jpg,unknown_research_only,Candidate score is a color/texture proxy; human or vision review still required.
Cranbrook/Kimberley,10683127,1400 17TH S Street,30,30,data\mls_contact_sheets\cranbrook_kimberley\1400-17th-s-street-10683127\mls_contact_sheet.jpg,unknown_research_only,Candidate score is a color/texture proxy; human or vision review still required.
Cranbrook/Kimberley,20027834,405 FOREST CROWNE Close,30,24,data\mls_contact_sheets\cranbrook_kimberley\405-forest-crowne-close-20027834\mls_contact_sheet.jpg,unknown_research_only,Candidate score is a color/texture proxy; human or vision review still required.
Cranbrook/Kimberley,20077373,166 304th Avenue,30,30,data\mls_contact_sheets\cranbrook_kimberley\166-304th-avenue-20077373\mls_contact_sheet.jpg,unknown_research_only,Candidate score is a color/texture proxy; human or vision review still required.
Cranbrook/Kimberley,20085434,804 16th Street S,30,20,data\mls_contact_sheets\cranbrook_kimberley\804-16th-street-s-20085434\mls_contact_sheet.jpg,unknown_research_only,Candidate score is a color/texture proxy; human or vision review still required.
Cranbrook/Kimberley,10606465,#37-6674 WARDNER-KIKOMUN Road,10,10,data\mls_contact_sheets\cranbrook_kimberley\37-6674-wardner-kikomun-road-10606465\mls_contact_sheet.jpg,unknown_research_only,Candidate score is a color/texture proxy; human or vision review still required.
Cranbrook/Kimberley,10667637,22-9481 ESTATES Road,30,30,data\mls_contact_sheets\cranbrook_kimberley\22-9481-estates-road-10667637\mls_contact_sheet.jpg,unknown_research_only,Candidate score is a color/texture proxy; human or vision review still required.
Cranbrook/Kimberley,10680439,913 17TH S Street,30,30,data\mls_contact_sheets\cranbrook_kimberley\913-17th-s-street-10680439\mls_contact_sheet.jpg,unknown_research_only,Candidate score is a color/texture proxy; human or vision review still required.
Cranbrook/Kimberley,10470205,419 ALPINE Crescent,0,0,,unknown_research_only,Candidate score is a color/texture proxy; human or vision review still required.
Cranbrook/Kimberley,10574318,6392 TIE LAKE Road,7,7,data\mls_contact_sheets\cranbrook_kimberley\6392-tie-lake-road-10574318\mls_contact_sheet.jpg,unknown_research_only,Candidate score is a color/texture proxy; human or vision review still required.
Cranbrook/Kimberley,10621595,9382 MOYIE SHORES ESTATE Road,15,15,data\mls_contact_sheets\cranbrook_kimberley\9382-moyie-shores-estate-road-10621595\mls_contact_sheet.jpg,unknown_research_only,Candidate score is a color/texture proxy; human or vision review still required.
Cranbrook/Kimberley,10658951,9444 MOYIE SHORES ESTATES W Road,30,26,data\mls_contact_sheets\cranbrook_kimberley\9444-moyie-shores-estates-w-road-10658951\mls_contact_sheet.jpg,unknown_research_only,Candidate score is a color/texture proxy; human or vision review still required.
Cranbrook/Kimberley,10665147,824 309TH Street,30,17,data\mls_contact_sheets\cranbrook_kimberley\824-309th-street-10665147\mls_contact_sheet.jpg,unknown_research_only,Candidate score is a color/texture proxy; human or vision review still required.
Cranbrook/Kimberley,10672776,804 17TH S Street,30,30,data\mls_contact_sheets\cranbrook_kimberley\804-17th-s-street-10672776\mls_contact_sheet.jpg,unknown_research_only,Candidate score is a color/texture proxy; human or vision review still required.
Cranbrook/Kimberley,10684522,1611 1ST S Avenue,21,12,data\mls_contact_sheets\cranbrook_kimberley\1611-1st-s-avenue-10684522\mls_contact_sheet.jpg,unknown_research_only,Candidate score is a color/texture proxy; human or vision review still required.
Cranbrook/Kimberley,10685240,2210 13TH S Avenue,29,10,data\mls_contact_sheets\cranbrook_kimberley\2210-13th-s-avenue-10685240\mls_contact_sheet.jpg,unknown_research_only,Candidate score is a color/texture proxy; human or vision review still required.
Cranbrook/Kimberley,20021290,147 THE WHINS,29,24,data\mls_contact_sheets\cranbrook_kimberley\147-the-whins-20021290\mls_contact_sheet.jpg,unknown_research_only,Candidate score is a color/texture proxy; human or vision review still required.
Cranbrook/Kimberley,20022685,405 7TH Avenue,30,30,data\mls_contact_sheets\cranbrook_kimberley\405-7th-avenue-20022685\mls_contact_sheet.jpg,unknown_research_only,Candidate score is a color/texture proxy; human or vision review still required.
Cranbrook/Kimberley,20036703,805 31ST Avenue S,30,22,data\mls_contact_sheets\cranbrook_kimberley\805-31st-avenue-s-20036703\mls_contact_sheet.jpg,unknown_research_only,Candidate score is a color/texture proxy; human or vision review still required.
Cranbrook/Kimberley,20042244,954 313th Drive,30,28,data\mls_contact_sheets\cranbrook_kimberley\954-313th-drive-20042244\mls_contact_sheet.jpg,unknown_research_only,Candidate score is a color/texture proxy; human or vision review still required.
Cranbrook/Kimberley,20042910,307 LEGACY LOOKOUT,30,22,data\mls_contact_sheets\cranbrook_kimberley\307-legacy-lookout-20042910\mls_contact_sheet.jpg,unknown_research_only,Candidate score is a color/texture proxy; human or vision review still required.
Cranbrook/Kimberley,20050871,940 313TH Drive,30,29,data\mls_contact_sheets\cranbrook_kimberley\940-313th-drive-20050871\mls_contact_sheet.jpg,unknown_research_only,Candidate score is a color/texture proxy; human or vision review still required.
Cranbrook/Kimberley,20075439,2950 Mellor Road,30,22,data\mls_contact_sheets\cranbrook_kimberley\2950-mellor-road-20075439\mls_contact_sheet.jpg,unknown_research_only,Candidate score is a color/texture proxy; human or vision review still required.
Cranbrook/Kimberley,20079642,140 River Drive,30,12,data\mls_contact_sheets\cranbrook_kimberley\140-river-drive-20079642\mls_contact_sheet.jpg,unknown_research_only,Candidate score is a color/texture proxy; human or vision review still required.
Cranbrook/Kimberley,20083862,15 Turner Close,23,18,data\mls_contact_sheets\cranbrook_kimberley\15-turner-close-20083862\mls_contact_sheet.jpg,unknown_research_only,Candidate score is a color/texture proxy; human or vision review still required.
Cranbrook/Kimberley,10612922,1357 SOUTHVIEW Drive,10,10,data\mls_contact_sheets\cranbrook_kimberley\1357-southview-drive-10612922\mls_contact_sheet.jpg,unknown_research_only,Candidate score is a color/texture proxy; human or vision review still required.
Cranbrook/Kimberley,10625065,208 CROWNE TERRACE Forest,20,20,data\mls_contact_sheets\cranbrook_kimberley\208-crowne-terrace-forest-10625065\mls_contact_sheet.jpg,unknown_research_only,Candidate score is a color/texture proxy; human or vision review still required.
Cranbrook/Kimberley,10641909,7822 MONROE LAKE Road,4,4,data\mls_contact_sheets\cranbrook_kimberley\7822-monroe-lake-road-10641909\mls_contact_sheet.jpg,unknown_research_only,Candidate score is a color/texture proxy; human or vision review still required.
Cranbrook/Kimberley,10652500,1909 16TH S Street,30,30,data\mls_contact_sheets\cranbrook_kimberley\1909-16th-s-street-10652500\mls_contact_sheet.jpg,unknown_research_only,Candidate score is a color/texture proxy; human or vision review still required.
Cranbrook/Kimberley,10675651,9314 LANGEVIN Street,22,22,data\mls_contact_sheets\cranbrook_kimberley\9314-langevin-street-10675651\mls_contact_sheet.jpg,unknown_research_only,Candidate score is a color/texture proxy; human or vision review still required.
Cranbrook/Kimberley,10676696,725 34TH S Avenue,30,20,data\mls_contact_sheets\cranbrook_kimberley\725-34th-s-avenue-10676696\mls_contact_sheet.jpg,unknown_research_only,Candidate score is a color/texture proxy; human or vision review still required.
Cranbrook/Kimberley,10678423,9905 OSPREY LANDING Drive,24,21,data\mls_contact_sheets\cranbrook_kimberley\9905-osprey-landing-drive-10678423\mls_contact_sheet.jpg,unknown_research_only,Candidate score is a color/texture proxy; human or vision review still required.
Cranbrook/Kimberley,10679813,701 34TH S Avenue,30,30,data\mls_contact_sheets\cranbrook_kimberley\701-34th-s-avenue-10679813\mls_contact_sheet.jpg,unknown_research_only,Candidate score is a color/texture proxy; human or vision review still required.
Cranbrook/Kimberley,10680848,2400 34TH S Avenue,30,30,data\mls_contact_sheets\cranbrook_kimberley\2400-34th-s-avenue-10680848\mls_contact_sheet.jpg,unknown_research_only,Candidate score is a color/texture proxy; human or vision review still required.
Cranbrook/Kimberley,10683832,211 CROWNE TERRACE Forest,12,8,data\mls_contact_sheets\cranbrook_kimberley\211-crowne-terrace-forest-10683832\mls_contact_sheet.jpg,unknown_research_only,Candidate score is a color/texture proxy; human or vision review still required.
Cranbrook/Kimberley,20037931,610 PONDEROSA Drive,30,29,data\mls_contact_sheets\cranbrook_kimberley\610-ponderosa-drive-20037931\mls_contact_sheet.jpg,unknown_research_only,Candidate score is a color/texture proxy; human or vision review still required.
Cranbrook/Kimberley,20040797,51 100TH Avenue,30,26,data\mls_contact_sheets\cranbrook_kimberley\51-100th-avenue-20040797\mls_contact_sheet.jpg,unknown_research_only,Candidate score is a color/texture proxy; human or vision review still required.
Cranbrook/Kimberley,20042580,2850 BLACK BEAR Crescent,30,29,data\mls_contact_sheets\cranbrook_kimberley\2850-black-bear-crescent-20042580\mls_contact_sheet.jpg,unknown_research_only,Candidate score is a color/texture proxy; human or vision review still required.
Cranbrook/Kimberley,20045387,3313 3A Street S,30,26,data\mls_contact_sheets\cranbrook_kimberley\3313-3a-street-s-20045387\mls_contact_sheet.jpg,unknown_research_only,Candidate score is a color/texture proxy; human or vision review still required.
Cranbrook/Kimberley,20057967,1900 12th Street S,30,29,data\mls_contact_sheets\cranbrook_kimberley\1900-12th-street-s-20057967\mls_contact_sheet.jpg,unknown_research_only,Candidate score is a color/texture proxy; human or vision review still required.
Cranbrook/Kimberley,20062684,1629 Staple Crescent,30,29,data\mls_contact_sheets\cranbrook_kimberley\1629-staple-crescent-20062684\mls_contact_sheet.jpg,unknown_research_only,Candidate score is a color/texture proxy; human or vision review still required.
Fernie/Sparwood,10559698,11 ALPINE TRAIL Lane,3,3,data\mls_contact_sheets\fernie_sparwood\11-alpine-trail-lane-10559698\mls_contact_sheet.jpg,unknown_research_only,Candidate score is a color/texture proxy; human or vision review still required.
Fernie/Sparwood,10674172,101 RIDGEMONT Crescent,21,21,data\mls_contact_sheets\fernie_sparwood\101-ridgemont-crescent-10674172\mls_contact_sheet.jpg,unknown_research_only,Candidate score is a color/texture proxy; human or vision review still required.
Fernie/Sparwood,10676037,1110 BEACH Avenue,25,24,data\mls_contact_sheets\fernie_sparwood\1110-beach-avenue-10676037\mls_contact_sheet.jpg,unknown_research_only,Candidate score is a color/texture proxy; human or vision review still required.
Fernie/Sparwood,20035045,2411 Osprey Court,30,21,data\mls_contact_sheets\fernie_sparwood\2411-osprey-court-20035045\mls_contact_sheet.jpg,unknown_research_only,Candidate score is a color/texture proxy; human or vision review still required.
Fernie/Sparwood,10670868,23 RIDGEMONT Drive,30,29,data\mls_contact_sheets\fernie_sparwood\23-ridgemont-drive-10670868\mls_contact_sheet.jpg,unknown_research_only,Candidate score is a color/texture proxy; human or vision review still required.
Fernie/Sparwood,10681059,2260 BLACK HAWK Drive,30,16,data\mls_contact_sheets\fernie_sparwood\2260-black-hawk-drive-10681059\mls_contact_sheet.jpg,unknown_research_only,Candidate score is a color/texture proxy; human or vision review still required.
Fernie/Sparwood,10683161,2313 FALCON Court,30,27,data\mls_contact_sheets\fernie_sparwood\2313-falcon-court-10683161\mls_contact_sheet.jpg,unknown_research_only,Candidate score is a color/texture proxy; human or vision review still required.
Fernie/Sparwood,10561093,5401 BOOMERANG Way,8,8,data\mls_contact_sheets\fernie_sparwood\5401-boomerang-way-10561093\mls_contact_sheet.jpg,unknown_research_only,Candidate score is a color/texture proxy; human or vision review still required.
Fernie/Sparwood,10667796,9 PINE Avenue,29,29,data\mls_contact_sheets\fernie_sparwood\9-pine-avenue-10667796\mls_contact_sheet.jpg,unknown_research_only,Candidate score is a color/texture proxy; human or vision review still required.
Fernie/Sparwood,10673062,6853 ROSEN LAKE E Road,30,28,data\mls_contact_sheets\fernie_sparwood\6853-rosen-lake-e-road-10673062\mls_contact_sheet.jpg,unknown_research_only,Candidate score is a color/texture proxy; human or vision review still required.
Fernie/Sparwood,20021326,2264 BLACK HAWK Drive,30,28,data\mls_contact_sheets\fernie_sparwood\2264-black-hawk-drive-20021326\mls_contact_sheet.jpg,unknown_research_only,Candidate score is a color/texture proxy; human or vision review still required.
Fernie/Sparwood,20022704,1206 VALLEY VIEW Drive,30,5,data\mls_contact_sheets\fernie_sparwood\1206-valley-view-drive-20022704\mls_contact_sheet.jpg,unknown_research_only,Candidate score is a color/texture proxy; human or vision review still required.
Fernie/Sparwood,20034035,2202 Black Hawk Drive,30,28,data\mls_contact_sheets\fernie_sparwood\2202-black-hawk-drive-20034035\mls_contact_sheet.jpg,unknown_research_only,Candidate score is a color/texture proxy; human or vision review still required.
Fernie/Sparwood,20043865,1622 11 Avenue,30,30,data\mls_contact_sheets\fernie_sparwood\1622-11-avenue-20043865\mls_contact_sheet.jpg,unknown_research_only,Candidate score is a color/texture proxy; human or vision review still required.
Fernie/Sparwood,20069119,2030 GOLDEN EAGLE Drive,30,23,data\mls_contact_sheets\fernie_sparwood\2030-golden-eagle-drive-20069119\mls_contact_sheet.jpg,unknown_research_only,Candidate score is a color/texture proxy; human or vision review still required.
Fernie/Sparwood,10654287,21 MT MINTON Street,30,30,data\mls_contact_sheets\fernie_sparwood\21-mt-minton-street-10654287\mls_contact_sheet.jpg,unknown_research_only,Candidate score is a color/texture proxy; human or vision review still required.
Fernie/Sparwood,10679423,1681 KOOCANUSA LAKE Drive,29,27,data\mls_contact_sheets\fernie_sparwood\1681-koocanusa-lake-drive-10679423\mls_contact_sheet.jpg,unknown_research_only,Candidate score is a color/texture proxy; human or vision review still required.
Fernie/Sparwood,10683952,1204 VALLEY VIEW Drive,30,23,data\mls_contact_sheets\fernie_sparwood\1204-valley-view-drive-10683952\mls_contact_sheet.jpg,unknown_research_only,Candidate score is a color/texture proxy; human or vision review still required.
Fernie/Sparwood,20049830,1256 Valley View Drive,30,24,data\mls_contact_sheets\fernie_sparwood\1256-valley-view-drive-20049830\mls_contact_sheet.jpg,unknown_research_only,Candidate score is a color/texture proxy; human or vision review still required.
Fernie/Sparwood,20039625,941 5th Avenue,30,29,data\mls_contact_sheets\fernie_sparwood\941-5th-avenue-20039625\mls_contact_sheet.jpg,unknown_research_only,Candidate score is a color/texture proxy; human or vision review still required.
Fernie/Sparwood,20022908,842 8TH Avenue,30,29,data\mls_contact_sheets\fernie_sparwood\842-8th-avenue-20022908\mls_contact_sheet.jpg,unknown_research_only,Candidate score is a color/texture proxy; human or vision review still required.
Fernie/Sparwood,10669621,9 ELKVIEW Place,25,24,data\mls_contact_sheets\fernie_sparwood\9-elkview-place-10669621\mls_contact_sheet.jpg,unknown_research_only,Candidate score is a color/texture proxy; human or vision review still required.
Fernie/Sparwood,10682918,79 RIDGEMONT Drive,30,30,data\mls_contact_sheets\fernie_sparwood\79-ridgemont-drive-10682918\mls_contact_sheet.jpg,unknown_research_only,Candidate score is a color/texture proxy; human or vision review still required.
Fernie/Sparwood,10605182,4600 TIMBERLINE Crescent,1,1,data\mls_contact_sheets\fernie_sparwood\4600-timberline-crescent-10605182\mls_contact_sheet.jpg,unknown_research_only,Candidate score is a color/texture proxy; human or vision review still required.
Fernie/Sparwood,10663402,11 PARKLAND Drive,30,30,data\mls_contact_sheets\fernie_sparwood\11-parkland-drive-10663402\mls_contact_sheet.jpg,unknown_research_only,Candidate score is a color/texture proxy; human or vision review still required.
Fernie/Sparwood,20020418,782 4TH Avenue,30,26,data\mls_contact_sheets\fernie_sparwood\782-4th-avenue-20020418\mls_contact_sheet.jpg,unknown_research_only,Candidate score is a color/texture proxy; human or vision review still required.
Fernie/Sparwood,20020438,1250 VALLEY VIEW Drive,30,26,data\mls_contact_sheets\fernie_sparwood\1250-valley-view-drive-20020438\mls_contact_sheet.jpg,unknown_research_only,Candidate score is a color/texture proxy; human or vision review still required.
Fernie/Sparwood,20059379,1265 VALLEY VIEW Place,30,28,data\mls_contact_sheets\fernie_sparwood\1265-valley-view-place-20059379\mls_contact_sheet.jpg,unknown_research_only,Candidate score is a color/texture proxy; human or vision review still required.
Fernie/Sparwood,20066310,1170 Mcdonald Avenue,29,24,data\mls_contact_sheets\fernie_sparwood\1170-mcdonald-avenue-20066310\mls_contact_sheet.jpg,unknown_research_only,Candidate score is a color/texture proxy; human or vision review still required.
Fernie/Sparwood,10670943,22 COAL CREEK Road,30,30,data\mls_contact_sheets\fernie_sparwood\22-coal-creek-road-10670943\mls_contact_sheet.jpg,unknown_research_only,Candidate score is a color/texture proxy; human or vision review still required.
Fernie/Sparwood,10636711,11 SILVER RIDGE Way,20,20,data\mls_contact_sheets\fernie_sparwood\11-silver-ridge-way-10636711\mls_contact_sheet.jpg,unknown_research_only,Candidate score is a color/texture proxy; human or vision review still required.
Fernie/Sparwood,10652596,16 CEDAR BOWL Drive,28,26,data\mls_contact_sheets\fernie_sparwood\16-cedar-bowl-drive-10652596\mls_contact_sheet.jpg,unknown_research_only,Candidate score is a color/texture proxy; human or vision review still required.
Fernie/Sparwood,10656960,15 ALPINE TRAIL Crescent,18,14,data\mls_contact_sheets\fernie_sparwood\15-alpine-trail-crescent-10656960\mls_contact_sheet.jpg,unknown_research_only,Candidate score is a color/texture proxy; human or vision review still required.
Fernie/Sparwood,10674370,561 6TH Avenue,30,17,data\mls_contact_sheets\fernie_sparwood\561-6th-avenue-10674370\mls_contact_sheet.jpg,unknown_research_only,Candidate score is a color/texture proxy; human or vision review still required.
Fernie/Sparwood,20068707,1643 Koocanusa Lake Drive,30,27,data\mls_contact_sheets\fernie_sparwood\1643-koocanusa-lake-drive-20068707\mls_contact_sheet.jpg,unknown_research_only,Candidate score is a color/texture proxy; human or vision review still required.
Fernie/Sparwood,10663121,1362 11TH Avenue,30,30,data\mls_contact_sheets\fernie_sparwood\1362-11th-avenue-10663121\mls_contact_sheet.jpg,unknown_research_only,Candidate score is a color/texture proxy; human or vision review still required.
Fernie/Sparwood,10671641,16 MT MINTON Street,30,23,data\mls_contact_sheets\fernie_sparwood\16-mt-minton-street-10671641\mls_contact_sheet.jpg,unknown_research_only,Candidate score is a color/texture proxy; human or vision review still required.
Fernie/Sparwood,10675001,2134 WHISKEY JACK Drive,30,24,data\mls_contact_sheets\fernie_sparwood\2134-whiskey-jack-drive-10675001\mls_contact_sheet.jpg,unknown_research_only,Candidate score is a color/texture proxy; human or vision review still required.
Fernie/Sparwood,20073619,3 Mt Proctor Avenue,17,16,data\mls_contact_sheets\fernie_sparwood\3-mt-proctor-avenue-20073619\mls_contact_sheet.jpg,unknown_research_only,Candidate score is a color/texture proxy; human or vision review still required.
Fernie/Sparwood,10614914,802 8TH Avenue,10,8,data\mls_contact_sheets\fernie_sparwood\802-8th-avenue-10614914\mls_contact_sheet.jpg,unknown_research_only,Candidate score is a color/texture proxy; human or vision review still required.
Fernie/Sparwood,10681347,15 MT PROCTOR Avenue,30,30,data\mls_contact_sheets\fernie_sparwood\15-mt-proctor-avenue-10681347\mls_contact_sheet.jpg,unknown_research_only,Candidate score is a color/texture proxy; human or vision review still required.
Fernie/Sparwood,10657168,941 11TH Avenue,4,2,data\mls_contact_sheets\fernie_sparwood\941-11th-avenue-10657168\mls_contact_sheet.jpg,unknown_research_only,Candidate score is a color/texture proxy; human or vision review still required.
Fernie/Sparwood,10678927,962 4TH Avenue,30,21,data\mls_contact_sheets\fernie_sparwood\962-4th-avenue-10678927\mls_contact_sheet.jpg,unknown_research_only,Candidate score is a color/texture proxy; human or vision review still required.
Fernie/Sparwood,10679212,2108 WHISKEY JACK Drive,30,29,data\mls_contact_sheets\fernie_sparwood\2108-whiskey-jack-drive-10679212\mls_contact_sheet.jpg,unknown_research_only,Candidate score is a color/texture proxy; human or vision review still required.
Fernie/Sparwood,10655082,39 ELKVIEW Drive,27,26,data\mls_contact_sheets\fernie_sparwood\39-elkview-drive-10655082\mls_contact_sheet.jpg,unknown_research_only,Candidate score is a color/texture proxy; human or vision review still required.
Fernie/Sparwood,10673661,43 RIDGEMONT Avenue,30,18,data\mls_contact_sheets\fernie_sparwood\43-ridgemont-avenue-10673661\mls_contact_sheet.jpg,unknown_research_only,Candidate score is a color/texture proxy; human or vision review still required.
Fernie/Sparwood,10303426,931 10TH Avenue,15,12,data\mls_contact_sheets\fernie_sparwood\931-10th-avenue-10303426\mls_contact_sheet.jpg,unknown_research_only,Candidate score is a color/texture proxy; human or vision review still required.
Fernie/Sparwood,10683923,2135 WHISKEY JACK Drive,30,27,data\mls_contact_sheets\fernie_sparwood\2135-whiskey-jack-drive-10683923\mls_contact_sheet.jpg,unknown_research_only,Candidate score is a color/texture proxy; human or vision review still required.
Fernie/Sparwood,10622169,46 COAL CREEK Road,6,6,data\mls_contact_sheets\fernie_sparwood\46-coal-creek-road-10622169\mls_contact_sheet.jpg,unknown_research_only,Candidate score is a color/texture proxy; human or vision review still required.
Fernie/Sparwood,10666059,992 8TH Avenue,30,28,data\mls_contact_sheets\fernie_sparwood\992-8th-avenue-10666059\mls_contact_sheet.jpg,unknown_research_only,Candidate score is a color/texture proxy; human or vision review still required.
Fernie/Sparwood,10676027,29 RIDGEMONT Drive,30,29,data\mls_contact_sheets\fernie_sparwood\29-ridgemont-drive-10676027\mls_contact_sheet.jpg,unknown_research_only,Candidate score is a color/texture proxy; human or vision review still required.
Fernie/Sparwood,20084254,2252 Black Hawk Drive,30,12,data\mls_contact_sheets\fernie_sparwood\2252-black-hawk-drive-20084254\mls_contact_sheet.jpg,unknown_research_only,Candidate score is a color/texture proxy; human or vision review still required.
Fernie/Sparwood,10665347,592 9TH Avenue,30,30,data\mls_contact_sheets\fernie_sparwood\592-9th-avenue-10665347\mls_contact_sheet.jpg,unknown_research_only,Candidate score is a color/texture proxy; human or vision review still required.
Fernie/Sparwood,10644420,20 PINE Crescent,20,19,data\mls_contact_sheets\fernie_sparwood\20-pine-crescent-10644420\mls_contact_sheet.jpg,unknown_research_only,Candidate score is a color/texture proxy; human or vision review still required.
Fernie/Sparwood,10666517,4 MT PROCTOR Avenue,30,30,data\mls_contact_sheets\fernie_sparwood\4-mt-proctor-avenue-10666517\mls_contact_sheet.jpg,unknown_research_only,Candidate score is a color/texture proxy; human or vision review still required.
Fernie/Sparwood,10615862,17 ALPINE Trail,20,18,data\mls_contact_sheets\fernie_sparwood\17-alpine-trail-10615862\mls_contact_sheet.jpg,unknown_research_only,Candidate score is a color/texture proxy; human or vision review still required.
Fernie/Sparwood,10681443,1391 10TH Avenue,30,28,data\mls_contact_sheets\fernie_sparwood\1391-10th-avenue-10681443\mls_contact_sheet.jpg,unknown_research_only,Candidate score is a color/texture proxy; human or vision review still required.
Fernie/Sparwood,20046554,532 Granzow Road,30,22,data\mls_contact_sheets\fernie_sparwood\532-granzow-road-20046554\mls_contact_sheet.jpg,unknown_research_only,Candidate score is a color/texture proxy; human or vision review still required.
Fernie/Sparwood,20078352,2071 Golden Eagle Drive,30,25,data\mls_contact_sheets\fernie_sparwood\2071-golden-eagle-drive-20078352\mls_contact_sheet.jpg,unknown_research_only,Candidate score is a color/texture proxy; human or vision review still required.
Fernie/Sparwood,20078363,1357 Cypress Drive,30,27,data\mls_contact_sheets\fernie_sparwood\1357-cypress-drive-20078363\mls_contact_sheet.jpg,unknown_research_only,Candidate score is a color/texture proxy; human or vision review still required.
Fernie/Sparwood,20080409,1668 Tranquility Road,30,20,data\mls_contact_sheets\fernie_sparwood\1668-tranquility-road-20080409\mls_contact_sheet.jpg,unknown_research_only,Candidate score is a color/texture proxy; human or vision review still required.
Fernie/Sparwood,10608316,501-5258 HIGHLINE Drive,10,10,data\mls_contact_sheets\fernie_sparwood\501-5258-highline-drive-10608316\mls_contact_sheet.jpg,unknown_research_only,Candidate score is a color/texture proxy; human or vision review still required.
Fernie/Sparwood,10681344,2 RIDGEMONT Avenue,30,28,data\mls_contact_sheets\fernie_sparwood\2-ridgemont-avenue-10681344\mls_contact_sheet.jpg,unknown_research_only,Candidate score is a color/texture proxy; human or vision review still required.
Fernie/Sparwood,10665467,661 3RD Avenue,30,30,data\mls_contact_sheets\fernie_sparwood\661-3rd-avenue-10665467\mls_contact_sheet.jpg,unknown_research_only,Candidate score is a color/texture proxy; human or vision review still required.
Fernie/Sparwood,10669856,801A 8TH Street,22,22,data\mls_contact_sheets\fernie_sparwood\801a-8th-street-10669856\mls_contact_sheet.jpg,unknown_research_only,Candidate score is a color/texture proxy; human or vision review still required.
Fernie/Sparwood,10616755,4584 TIMBERLINE Crescent,20,16,data\mls_contact_sheets\fernie_sparwood\4584-timberline-crescent-10616755\mls_contact_sheet.jpg,unknown_research_only,Candidate score is a color/texture proxy; human or vision review still required.
Fernie/Sparwood,10661891,701A 4TH Avenue,4,3,data\mls_contact_sheets\fernie_sparwood\701a-4th-avenue-10661891\mls_contact_sheet.jpg,unknown_research_only,Candidate score is a color/texture proxy; human or vision review still required.
Fernie/Sparwood,10675686,1341 1ST Avenue,30,24,data\mls_contact_sheets\fernie_sparwood\1341-1st-avenue-10675686\mls_contact_sheet.jpg,unknown_research_only,Candidate score is a color/texture proxy; human or vision review still required.
Fernie/Sparwood,10628923,32 SILVER RIDGE Drive,19,19,data\mls_contact_sheets\fernie_sparwood\32-silver-ridge-drive-10628923\mls_contact_sheet.jpg,unknown_research_only,Candidate score is a color/texture proxy; human or vision review still required.
Fernie/Sparwood,10545164,4556 TIMBERLINE Crescent,7,4,data\mls_contact_sheets\fernie_sparwood\4556-timberline-crescent-10545164\mls_contact_sheet.jpg,unknown_research_only,Candidate score is a color/texture proxy; human or vision review still required.
Fernie/Sparwood,10559208,4553 TIMBERLINE Crescent,1,1,data\mls_contact_sheets\fernie_sparwood\4553-timberline-crescent-10559208\mls_contact_sheet.jpg,unknown_research_only,Candidate score is a color/texture proxy; human or vision review still required.
Fernie/Sparwood,10636454,791 5TH Avenue,14,14,data\mls_contact_sheets\fernie_sparwood\791-5th-avenue-10636454\mls_contact_sheet.jpg,unknown_research_only,Candidate score is a color/texture proxy; human or vision review still required.
Fernie/Sparwood,10663856,1251 2ND Avenue,25,23,data\mls_contact_sheets\fernie_sparwood\1251-2nd-avenue-10663856\mls_contact_sheet.jpg,unknown_research_only,Candidate score is a color/texture proxy; human or vision review still required.
Fernie/Sparwood,10668743,921 11TH Avenue,30,30,data\mls_contact_sheets\fernie_sparwood\921-11th-avenue-10668743\mls_contact_sheet.jpg,unknown_research_only,Candidate score is a color/texture proxy; human or vision review still required.
Fernie/Sparwood,10681575,197 RIDGEMONT Lane,9,9,data\mls_contact_sheets\fernie_sparwood\197-ridgemont-lane-10681575\mls_contact_sheet.jpg,unknown_research_only,Candidate score is a color/texture proxy; human or vision review still required.
Fernie/Sparwood,10675594,9841 VICTORIA Street,12,9,data\mls_contact_sheets\fernie_sparwood\9841-victoria-street-10675594\mls_contact_sheet.jpg,unknown_research_only,Candidate score is a color/texture proxy; human or vision review still required.
Fernie/Sparwood,10577345,4495 TIMBERLINE Crescent,10,10,data\mls_contact_sheets\fernie_sparwood\4495-timberline-crescent-10577345\mls_contact_sheet.jpg,unknown_research_only,Candidate score is a color/texture proxy; human or vision review still required.
Fernie/Sparwood,10579894,2 ALLAN GRAHAM Drive,10,10,data\mls_contact_sheets\fernie_sparwood\2-allan-graham-drive-10579894\mls_contact_sheet.jpg,unknown_research_only,Candidate score is a color/texture proxy; human or vision review still required.
Fernie/Sparwood,10659866,123 WHITETAIL Drive,20,17,data\mls_contact_sheets\fernie_sparwood\123-whitetail-drive-10659866\mls_contact_sheet.jpg,unknown_research_only,Candidate score is a color/texture proxy; human or vision review still required.
Fernie/Sparwood,10660236,55 RIDGEMONT Avenue,30,29,data\mls_contact_sheets\fernie_sparwood\55-ridgemont-avenue-10660236\mls_contact_sheet.jpg,unknown_research_only,Candidate score is a color/texture proxy; human or vision review still required.
Fernie/Sparwood,10670512,1461 8TH Avenue,30,30,data\mls_contact_sheets\fernie_sparwood\1461-8th-avenue-10670512\mls_contact_sheet.jpg,unknown_research_only,Candidate score is a color/texture proxy; human or vision review still required.
Fernie/Sparwood,10671578,2140 WHISKEY JACK Drive,30,27,data\mls_contact_sheets\fernie_sparwood\2140-whiskey-jack-drive-10671578\mls_contact_sheet.jpg,unknown_research_only,Candidate score is a color/texture proxy; human or vision review still required.
Fernie/Sparwood,10672499,1202 4TH Avenue,24,21,data\mls_contact_sheets\fernie_sparwood\1202-4th-avenue-10672499\mls_contact_sheet.jpg,unknown_research_only,Candidate score is a color/texture proxy; human or vision review still required.
Fernie/Sparwood,10675368,201 1ST Avenue,30,29,data\mls_contact_sheets\fernie_sparwood\201-1st-avenue-10675368\mls_contact_sheet.jpg,unknown_research_only,Candidate score is a color/texture proxy; human or vision review still required.
Fernie/Sparwood,10676258,49 MT PROCTOR Avenue,30,29,data\mls_contact_sheets\fernie_sparwood\49-mt-proctor-avenue-10676258\mls_contact_sheet.jpg,unknown_research_only,Candidate score is a color/texture proxy; human or vision review still required.
Fernie/Sparwood,10677481,18 ELKVIEW Crescent,29,29,data\mls_contact_sheets\fernie_sparwood\18-elkview-crescent-10677481\mls_contact_sheet.jpg,unknown_research_only,Candidate score is a color/texture proxy; human or vision review still required.
Fernie/Sparwood,10681651,1 MT PROCTOR Avenue,30,29,data\mls_contact_sheets\fernie_sparwood\1-mt-proctor-avenue-10681651\mls_contact_sheet.jpg,unknown_research_only,Candidate score is a color/texture proxy; human or vision review still required.
Fernie/Sparwood,10682383,14 MT TRINITY Avenue,30,28,data\mls_contact_sheets\fernie_sparwood\14-mt-trinity-avenue-10682383\mls_contact_sheet.jpg,unknown_research_only,Candidate score is a color/texture proxy; human or vision review still required.
Fernie/Sparwood,20022380,761 4TH Avenue,28,24,data\mls_contact_sheets\fernie_sparwood\761-4th-avenue-20022380\mls_contact_sheet.jpg,unknown_research_only,Candidate score is a color/texture proxy; human or vision review still required.
Fernie/Sparwood,20028580,1309 BIRCHWOOD Place,30,27,data\mls_contact_sheets\fernie_sparwood\1309-birchwood-place-20028580\mls_contact_sheet.jpg,unknown_research_only,Candidate score is a color/texture proxy; human or vision review still required.
Fernie/Sparwood,20053873,562 6TH Avenue,25,25,data\mls_contact_sheets\fernie_sparwood\562-6th-avenue-20053873\mls_contact_sheet.jpg,unknown_research_only,Candidate score is a color/texture proxy; human or vision review still required.
Fernie/Sparwood,20060624,1302 11th Avenue,30,27,data\mls_contact_sheets\fernie_sparwood\1302-11th-avenue-20060624\mls_contact_sheet.jpg,unknown_research_only,Candidate score is a color/texture proxy; human or vision review still required.
Fernie/Sparwood,20066454,6740 Rosen Lake Road,30,28,data\mls_contact_sheets\fernie_sparwood\6740-rosen-lake-road-20066454\mls_contact_sheet.jpg,unknown_research_only,Candidate score is a color/texture proxy; human or vision review still required.
Fernie/Sparwood,10638277,6659 ROSEN LAKE Road,15,15,data\mls_contact_sheets\fernie_sparwood\6659-rosen-lake-road-10638277\mls_contact_sheet.jpg,unknown_research_only,Candidate score is a color/texture proxy; human or vision review still required.
Fernie/Sparwood,10666129,862 10TH Avenue,30,30,data\mls_contact_sheets\fernie_sparwood\862-10th-avenue-10666129\mls_contact_sheet.jpg,unknown_research_only,Candidate score is a color/texture proxy; human or vision review still required.
Fernie/Sparwood,10599160,25 SKIFTY MORRIS Way,8,8,data\mls_contact_sheets\fernie_sparwood\25-skifty-morris-way-10599160\mls_contact_sheet.jpg,unknown_research_only,Candidate score is a color/texture proxy; human or vision review still required.
Fernie/Sparwood,10626775,93 RIDGEMONT Drive,4,4,data\mls_contact_sheets\fernie_sparwood\93-ridgemont-drive-10626775\mls_contact_sheet.jpg,unknown_research_only,Candidate score is a color/texture proxy; human or vision review still required.
Fernie/Sparwood,10629259,15 ALPINE TRAILS Crescent,13,13,data\mls_contact_sheets\fernie_sparwood\15-alpine-trails-crescent-10629259\mls_contact_sheet.jpg,unknown_research_only,Candidate score is a color/texture proxy; human or vision review still required.
Fernie/Sparwood,10629333,37 SILVER RIDGE Drive,18,18,data\mls_contact_sheets\fernie_sparwood\37-silver-ridge-drive-10629333\mls_contact_sheet.jpg,unknown_research_only,Candidate score is a color/texture proxy; human or vision review still required.
Fernie/Sparwood,10637598,1191 11TH Avenue,22,22,data\mls_contact_sheets\fernie_sparwood\1191-11th-avenue-10637598\mls_contact_sheet.jpg,unknown_research_only,Candidate score is a color/texture proxy; human or vision review still required.
