source_label,listing_id,address,area,subarea,latitude,longitude,coordinate_confidence,geocode_source,geocode_match_addr,geocode_score,list_price,sale_price,sale_date,beds,baths,year_built,lot_size,fin_area,pid,photo_count,folder
Columbia Valley,10604265,4827 HOLLAND Crescent,Kootenay,INRU - Windermere,50.49725211,-116.00174982,point_geocode,arcgis_world_geocoder_manual_variant,"4827 Holland Creek Ridge Rd, Invermere, British Columbia, V0A 1K3",100,"$750,000.00","$700,000.00",May 21/11,5,3,2002,"10,018 sqft / 0.23 ac","2,926",024-922-153,10,columbia_valley/4827-holland-crescent-10604265
Columbia Valley,10619308,368 PANORAMA Place,Kootenay,INRU - Panorama,50.459193,-116.235491,listing,,,,"$750,000.00","$750,000.00",Jan 29/14,3,2,1980,"10,454 sqft / 0.24 ac","3,140",008-861-285,19,columbia_valley/368-panorama-place-10619308
Columbia Valley,10675110,6948 COLUMBIA RIDGE Drive,Kootenay,INRU - Fairmont/Columbia Lake,50.23947657,-115.87113053,listing,,,,"$750,000.00","$756,000.00",Feb 24/22,5,4,2008,"19,122 sqft / 0.439 ac","2,957",025-072-200,26,columbia_valley/6948-columbia-ridge-drive-10675110
Columbia Valley,20059692,4891 Glen Eagle Drive,Kootenay,INRU - Fairmont/Columbia Lake,50.33277065,-115.86319523,listing,,,,"$750,000.00","$735,000.00",Mar 5/26,4,3,2003,,"2,770",029-939-097,55,columbia_valley/4891-glen-eagle-drive-20059692
Columbia Valley,10684558,890 COPPERPOINT Way,Kootenay,INRU - Windermere,50.50176414,-115.99098603,listing,,,,"$755,000.00","$735,000.00",Oct 11/23,4,3,2016,,"2,345",027-004-503,46,columbia_valley/890-copperpoint-way-10684558
Columbia Valley,10682769,5025 RIVERVIEW Road,Kootenay,INRU - Fairmont/Columbia Lake,50.33398244,-115.86040344,listing,,,,"$757,200.00","$751,000.00",Jun 29/23,4,3,2007,,"2,595",019-207-450,12,columbia_valley/5025-riverview-road-10682769
Columbia Valley,10573050,5009 FAIRWAY Drive,Kootenay,INRU - Fairmont/Columbia Lake,50.337223,-115.85105,listing,,,,"$758,500.00","$728,000.00",May 18/07,3,4,1984,"20,908 sqft / 0.48 ac","4,210",017-934-508,10,columbia_valley/5009-fairway-drive-10573050
Columbia Valley,10592929,4582 COLUMBIA VIEW Road,Kootenay,INRU - Fairmont/Columbia Lake,50.287071,-115.87679,listing,,,,"$759,000.00","$735,000.00",Dec 5/09,6,2,1983,"40,075 sqft / 0.92 ac","2,790",008-609-781,10,columbia_valley/4582-columbia-view-road-10592929
Columbia Valley,10647009,1502 PINERIDGE MOUNTAIN Place,Kootenay,IN - Invermere,50.499814,-116.050198,listing,,,,"$759,000.00","$797,500.00",Jun 6/17,4,2,2009,,0,027-680-258,40,columbia_valley/1502-pineridge-mountain-place-10647009
Columbia Valley,10665224,946 RIDGE Place,Kootenay,INRU - Windermere,50.49380051,-116.00664354,listing,,,,"$759,000.00","$759,000.00",Aug 20/20,4,2,1979,"23,086 sqft / 0.53 ac","1,596",024-906-182,49,columbia_valley/946-ridge-place-10665224
Columbia Valley,10669410,2572 LEDGEROCK Ridge,Kootenay,IN - Invermere,50.47875815,-116.03948095,listing,,,,"$759,000.00","$775,000.00",Mar 14/21,6,3,2005,"9,931 sqft / 0.228 ac","3,456",026-001-691,37,columbia_valley/2572-ledgerock-ridge-10669410
Columbia Valley,10675551,1101 6TH Street,Kootenay,IN - Invermere,50.50835857,-116.03418661,listing,,,,"$759,000.00","$735,000.00",Apr 7/22,6,2,1988,"14,810 sqft / 0.34 ac","3,460",010-601-171,32,columbia_valley/1101-6th-street-10675551
Columbia Valley,10680493,4958 MERLO Road,Kootenay,INRU - Windermere,50.49439359,-115.99150839,point_geocode,arcgis_world_geocoder_manual_variant,"4958 Merlo Rd, Invermere, British Columbia, V0A 1K3",100,"$759,000.00","$750,000.00",Mar 9/23,3,3,1986,"13,242 sqft / 0.304 ac","1,904",010-599-851,47,columbia_valley/4958-merlo-road-10680493
Columbia Valley,10683660,5138 RIVERVIEW Crescent,Kootenay,INRU - Fairmont/Columbia Lake,50.3281547,-115.86133465,listing,,,,"$759,000.00","$720,000.00",Aug 30/23,3,3,1995,"14,607 sqft / 0.3353 ac","2,420",011-382-783,43,columbia_valley/5138-riverview-crescent-10683660
Columbia Valley,20021525,4585 COLUMERE Road,Kootenay,INRU - Fairmont/Columbia Lake,50.28997306,-115.87751647,listing,,,,"$759,000.00","$747,500.00",Jul 18/24,3,2,1987,"9,147 sqft / 0.21 ac","1,804",012-807-087,40,columbia_valley/4585-columere-road-20021525
Columbia Valley,20021647,13-640 UPPER LAKEVIEW Road,Kootenay,IN - Invermere,50.50619478,-116.0091049,listing,,,,"$759,000.00","$720,000.00",Jul 8/24,4,4,2007,,"2,129",017-997-844,29,columbia_valley/13-640-upper-lakeview-road-20021647
Columbia Valley,20040895,930 COPPER POINT Way,Kootenay,INRU - Windermere,50.49961073,-115.98807824,listing,,,,"$759,000.00","$759,000.00",Jul 18/25,4,3,2025,,"2,794",027-004-660,84,columbia_valley/930-copper-point-way-20040895
Columbia Valley,20084577,4885 Carnoustie Place,Kootenay,INRU - Fairmont/Columbia Lake,50.33367003,-115.86303473,listing,,,,"$759,900.00",,,4,3,1996,,"2,489",019-207-280,49,columbia_valley/4885-carnoustie-place-20084577
Columbia Valley,20087320,896 Copper Point Way,Kootenay,INRU - Windermere,50.50112954,-115.99034023,listing,,,,"$759,900.00",,,3,3,2026,,"1,792",027-004-538,34,columbia_valley/896-copper-point-way-20087320
Columbia Valley,20038863,960 COPPER POINT Way,Kootenay,INRU - Invermere Rural,50.4991245,-115.98763114,listing,,,,"$764,000.00","$750,000.00",Mar 26/25,4,4,2007,,"2,688",027-004-813,61,columbia_valley/960-copper-point-way-20038863
Columbia Valley,20051381,31 - 640 Upper Lakeview Road,Kootenay,IN - Invermere,50.50632787,-116.00840706,listing,,,,"$764,000.00","$770,000.00",May 23/25,4,3,2000,,"2,246",017-998-026,46,columbia_valley/31-640-upper-lakeview-road-20051381
Columbia Valley,10645721,799 LAKEVIEW MEADOWS Point,Kootenay,INRU - Invermere Rural,50.500567,-116.006327,listing,,,,"$765,000.00","$745,000.00",Sep 13/17,4,4,2006,"10,890 sqft / 0.25 ac","4,153",025-562-924,38,columbia_valley/799-lakeview-meadows-point-10645721
Columbia Valley,10677817,5151 RIVERVIEW Road,Kootenay,INRU - Fairmont/Columbia Lake,50.32700167,-115.86354632,listing,,,,"$765,000.00","$670,000.00",Nov 30/22,4,4,1991,"10,753 sqft / 0.2469 ac","3,678",011-382-473,82,columbia_valley/5151-riverview-road-10677817
Columbia Valley,10683812,958 COPPER POINT Way,Kootenay,INRU - Windermere,50.49811449,-115.98869562,listing,,,,"$765,000.00","$737,500.00",Nov 28/23,4,3,2017,,"2,975",027-004-805,46,columbia_valley/958-copper-point-way-10683812
Columbia Valley,20080295,5132 Riverview Crescent,Kootenay,INRU - Fairmont/Columbia Lake,50.3288008,-115.86106289,listing,,,,"$768,800.00","$757,500.00",Mar 23/26,3,3,1996,"10,149 sqft / 0.233 ac","3,098",011-382-830,57,columbia_valley/5132-riverview-crescent-20080295
Columbia Valley,10658844,1059 SWANSEA Road,Kootenay,INRU - Windermere,50.495341,-115.985348,listing,,,,"$768,900.00","$681,000.00",May 24/19,4,4,2007,"39,988 sqft / 0.918 ac",0,015-001-008,40,columbia_valley/1059-swansea-road-10658844
Columbia Valley,10521676,1753 2ND Avenue,Kootenay,IN - Invermere,50.496096,-116.020723,listing,,,,"$769,000.00","$685,000.00",Apr 21/99,2,,1980,0 sqft / 0.00 ac,0,610-081-880,1,columbia_valley/1753-2nd-avenue-10521676
Columbia Valley,10660875,5938 COLUMBIA LAKE Road,Kootenay,INRU - Fairmont/Columbia Lake,50.286178,-115.886022,listing,,,,"$769,000.00","$735,000.00",Aug 20/19,4,3,2008,"43,037 sqft / 0.988 ac",0,024-886-076,40,columbia_valley/5938-columbia-lake-road-10660875
Columbia Valley,10665854,4874 RIDGE Crescent,Kootenay,INRU - Windermere,50.49407189,-115.9978452,listing,,,,"$769,000.00","$740,000.00",Aug 20/20,3,2,1979,"8,799 sqft / 0.202 ac","1,690",007-659-776,40,columbia_valley/4874-ridge-crescent-10665854
Columbia Valley,10680589,2510 COBBLESTONE Trail,Kootenay,IN - Invermere,50.48338259,-116.04173624,listing,,,,"$769,000.00","$765,000.00",Feb 10/23,4,3,2008,"11,369 sqft / 0.261 ac","2,414",026-564-581,34,columbia_valley/2510-cobblestone-trail-10680589
Columbia Valley,20026178,137 12A Avenue,Kootenay,IN - Invermere,50.51218755,-116.03629099,listing,,,,"$769,000.00","$789,000.00",Aug 7/24,3,4,2008,"8,363 sqft / 0.192 ac","2,619",023-489-481,79,columbia_valley/137-12a-avenue-20026178
Columbia Valley,20057362,7-640 UPPER LAKEVIEW Road,Kootenay,INRU - Windermere,50.50485565,-116.00868646,listing,,,,"$769,000.00","$760,000.00",Aug 22/25,4,3,1996,,"2,304",017-997-780,49,columbia_valley/7-640-upper-lakeview-road-20057362
Columbia Valley,20061096,5221 Columbia River Road,Kootenay,INRU - Fairmont/Columbia Lake,50.32434756,-115.8583252,listing,,,,"$769,000.00","$750,000.00",Sep 29/25,3,4,1987,"12,850 sqft / 0.295 ac","2,681",010-946-519,55,columbia_valley/5221-columbia-river-road-20061096
Columbia Valley,10673667,4985 MOUNTAIN TOP Drive,Kootenay,INRU - Fairmont/Columbia Lake,50.33865403,-115.84862168,listing,,,,"$769,900.00","$740,000.00",Feb 18/22,3,3,2001,"10,105 sqft / 0.232 ac","3,276",023-143-703,58,columbia_valley/4985-mountain-top-drive-10673667
Columbia Valley,10675078,1745 SWANSEA Avenue,Kootenay,INRU - Windermere,50.46040694,-115.98961761,listing,,,,"$769,900.00","$700,000.00",Jun 16/22,4,2,1957,"10,018 sqft / 0.23 ac","2,656",014-537-869,42,columbia_valley/1745-swansea-avenue-10675078
Columbia Valley,10664190,9982 WILDWOOD Lane,Kootenay,INRU - Panorama,50.44348346,-116.25199345,listing,,,,"$774,900.00","$760,000.00",Dec 17/20,3,4,2003,,"2,682",025-584-812,48,columbia_valley/9982-wildwood-lane-10664190
Columbia Valley,10670913,8042 MCINTOSH LOOP Road,Kootenay,RA - Radium Hot Springs,50.6030282,-116.04715436,listing,,,,"$774,900.00","$745,000.00",Aug 20/21,4,3,2001,"20,908 sqft / 0.48 ac","3,008",012-649-414,41,columbia_valley/8042-mcintosh-loop-road-10670913
Columbia Valley,10682429,4476 COLUMBIA VIEW Road,Kootenay,INRU - Fairmont/Columbia Lake,50.29279698,-115.88196126,listing,,,,"$774,900.00","$771,000.00",Jun 6/23,3,3,1994,"18,382 sqft / 0.422 ac","2,080",018-431-739,61,columbia_valley/4476-columbia-view-road-10682429
Columbia Valley,20049602,1509 10th Avenue,Kootenay,IN - Invermere,50.50115804,-116.03215489,listing,,,,"$774,900.00","$760,000.00",May 7/25,5,3,1965,"9,147 sqft / 0.21 ac","2,884",014-954-281,49,columbia_valley/1509-10th-avenue-20049602
Columbia Valley,10646987,815 LAKEVIEW MEADOWS GREEN,Kootenay,INRU - Windermere,50.500176,-116.005565,listing,,,,"$775,000.00","$750,000.00",Jun 27/17,4,3,2004,"14,941 sqft / 0.343 ac",0,025-562-380,33,columbia_valley/815-lakeview-meadows-green-10646987
Columbia Valley,10672919,6894 COLUMBIA RIDGE Drive,Kootenay,INRU - Fairmont/Columbia Lake,50.23924262,-115.87327167,listing,,,,"$775,000.00","$750,000.00",Jan 28/22,5,4,2010,"18,513 sqft / 0.425 ac","3,589",025-072-129,56,columbia_valley/6894-columbia-ridge-drive-10672919
Columbia Valley,20049552,1325 12 Avenue,Kootenay,IN - Invermere,50.50280839,-116.03501953,listing,,,,"$775,000.00","$737,500.00",Sep 15/25,4,3,1967,"30,492 sqft / 0.70 ac","2,842",006-777-627,57,columbia_valley/1325-12-avenue-20049552
Columbia Valley,10673047,4576 COLUMERE Road,Kootenay,INRU - Fairmont/Columbia Lake,50.28959785,-115.87779063,listing,,,,"$778,000.00","$735,000.00",Oct 15/21,5,3,2008,"10,890 sqft / 0.25 ac","2,296",014-595-257,54,columbia_valley/4576-columere-road-10673047
Columbia Valley,10623245,5160 RIVERSIDE Drive,Kootenay,INRU - Fairmont/Columbia Lake,50.32604189,-115.86950191,point_geocode,arcgis_world_geocoder_manual_variant,"5160 Riverside Dr, Fairmont Hot Springs, British Columbia, V0B 1L1",100,"$779,000.00","$742,500.00",May 23/14,3,,2004,,"3,134",018-035-060,17,columbia_valley/5160-riverside-drive-10623245
Columbia Valley,10647683,6949 COLUMBIA RIDGE Drive,Kootenay,INRU - Fairmont/Columbia Lake,50.239283,-115.870556,listing,,,,"$779,000.00","$747,500.00",Sep 11/17,2,4,2008,"19,122 sqft / 0.439 ac","3,017",025-071-874,40,columbia_valley/6949-columbia-ridge-drive-10647683
Columbia Valley,10650416,1973 GREYWOLF Drive,Kootenay,INRU - Panorama,50.453873,-116.244428,listing,,,,"$779,000.00","$660,000.00",Jan 22/18,4,4,2002,,"3,151",024-272-531,24,columbia_valley/1973-greywolf-drive-10650416
Columbia Valley,10657869,1122 HILLTOP Road,Kootenay,INRU - Windermere,50.489095,-115.994404,listing,,,,"$779,000.00","$760,000.00",Apr 9/19,4,3,,"9,147 sqft / 0.21 ac",0,014-854-422,40,columbia_valley/1122-hilltop-road-10657869
Columbia Valley,10672915,3415 CROOKED TREE Place,Kootenay,INRU - Fairmont/Columbia Lake,50.4071838,-115.8829229,listing,,,,"$779,000.00","$755,000.00",Sep 7/21,4,4,2002,,"3,192",025-081-705,64,columbia_valley/3415-crooked-tree-place-10672915
Columbia Valley,10673650,4949 MOUNTAIN HILL Road,Kootenay,INRU - Fairmont/Columbia Lake,50.34017945,-115.85252947,listing,,,,"$779,000.00","$745,000.00",Nov 17/21,5,3,1993,"11,543 sqft / 0.265 ac","1,407",010-809-767,44,columbia_valley/4949-mountain-hill-road-10673650
Columbia Valley,10683098,1440 CANTERBURY Close,Kootenay,IN - Invermere,50.50410789,-116.04469441,listing,,,,"$779,000.00","$760,000.00",Aug 3/23,4,4,2018,"6,577 sqft / 0.151 ac","2,244",026-964-821,42,columbia_valley/1440-canterbury-close-10683098
Columbia Valley,10684446,2543 LEDGEROCK Ridge,Kootenay,IN - Invermere,50.48010704,-116.03984233,listing,,,,"$779,000.00","$777,000.00",Sep 20/23,5,3,2005,"11,848 sqft / 0.272 ac","2,234",026-001-438,50,columbia_valley/2543-ledgerock-ridge-10684446
Columbia Valley,10680461,4671 POPLAR Street,Kootenay,INRU - Windermere,50.45666815,-115.98669718,listing,,,,"$784,000.00","$765,000.00",Mar 13/23,3,1,1967,"6,011 sqft / 0.138 ac","1,262",014-959-801,55,columbia_valley/4671-poplar-street-10680461
Columbia Valley,10685465,1715 3RD Avenue,Kootenay,IN - Invermere,50.49765186,-116.02155503,listing,,,,"$784,000.00","$751,700.00",Feb 9/24,3,3,1994,"8,189 sqft / 0.188 ac","2,408",015-717-755,42,columbia_valley/1715-3rd-avenue-10685465
Columbia Valley,10672111,2577 SANDSTONE Circle,Kootenay,IN - Invermere,50.47914710,-116.04140250,house_geocode,nominatim,"2577 Sandstone Circle, Invermere, BC",,"$784,900.00","$770,000.00",Nov 9/21,5,4,2008,"10,018 sqft / 0.23 ac","2,988",026-001-845,70,columbia_valley/2577-sandstone-circle-10672111
Columbia Valley,10680456,2580 SANDSTONE View,Kootenay,IN - Invermere,50.47808227,-116.04208608,listing,,,,"$784,900.00","$765,000.00",Mar 27/23,6,3,2006,"9,844 sqft / 0.226 ac","3,062",026-002-116,36,columbia_valley/2580-sandstone-view-10680456
Columbia Valley,10673624,8414 RICHARDSON Crescent,Kootenay,CF - Canal Flats,50.18044907,-115.81759103,listing,,,,"$785,000.00","$785,000.00",Oct 25/21,3,2,2013,"15,594 sqft / 0.358 ac","2,293",012-093-653,52,columbia_valley/8414-richardson-crescent-10673624
Columbia Valley,20071157,974 SWANSEA VIEW Road,Kootenay,INRU - Windermere,50.49607569,-115.98754321,listing,,,,"$785,000.00","$750,000.00",Apr 16/26,3,3,2019,,"1,916",027-798-089,52,columbia_valley/974-swansea-view-road-20071157
Columbia Valley,10570990,5156 RIVERVIEW Crescent,Kootenay,INRU - Fairmont/Columbia Lake,50.32762,-115.862353,listing,,,,"$789,000.00","$775,000.00",May 19/07,3,2,1997,"13,503 sqft / 0.31 ac","6,282",025-829-041,10,columbia_valley/5156-riverview-crescent-10570990
Columbia Valley,10629099,4815 HOLLAND CREEK RIDGE Road,Kootenay,INRU - Windermere,50.49706570,-116.00270150,street_geocode,nominatim,"Holland Creek Ridge Road, Area F, East Kootenay, BC",,"$789,000.00","$700,000.00",Sep 22/15,4,3,2004,"8,886 sqft / 0.204 ac","3,207",024-922-129,20,columbia_valley/4815-holland-creek-ridge-road-10629099
Columbia Valley,10639146,823 LAKEVIEW MEADOWS GREEN,Kootenay,INRU - Windermere,50.499785,-116.005728,listing,,,,"$789,000.00","$775,000.00",Aug 10/16,4,3,2005,"9,147 sqft / 0.21 ac",0,025-562-363,40,columbia_valley/823-lakeview-meadows-green-10639146
Columbia Valley,10662523,4816 RIDGE Drive,Kootenay,INRU - Windermere,50.493398,-116.001187,listing,,,,"$789,000.00","$775,000.00",Mar 21/20,4,3,1978,"10,236 sqft / 0.235 ac","2,394",012-947-920,40,columbia_valley/4816-ridge-drive-10662523
Columbia Valley,10677502,2537 LEDGEROCK Ridge,Kootenay,IN - Invermere,50.48067248,-116.0404858,listing,,,,"$789,000.00","$789,000.00",Jun 21/22,6,3,2009,"10,672 sqft / 0.245 ac","2,974",026-001-454,66,columbia_valley/2537-ledgerock-ridge-10677502
Columbia Valley,20020845,1921 PINERIDGE MOUNTAIN Trail,Kootenay,IN - Invermere,50.49895093,-116.04976926,listing,,,,"$789,000.00","$780,000.00",Aug 9/24,4,3,2024,,"3,042",028-108-841,2,columbia_valley/1921-pineridge-mountain-trail-20020845
Columbia Valley,20021336,781 WESTRIDGE Drive,Kootenay,IN - Invermere,50.49976286,-116.04651437,listing,,,,"$789,000.00","$780,000.00",Jul 13/24,4,3,2001,"11,761 sqft / 0.27 ac","2,272",024-583-715,42,columbia_valley/781-westridge-drive-20021336
Columbia Valley,20026072,4992 MOUNTAIN VIEW Drive,Kootenay,INRU - Fairmont/Columbia Lake,50.33803843,-115.84960674,listing,,,,"$789,000.00","$770,000.00",Oct 31/24,4,3,2010,"9,539 sqft / 0.219 ac","2,376",023-143-762,49,columbia_valley/4992-mountain-view-drive-20026072
Columbia Valley,20046407,4824 MCKAY Street,Kootenay,RA - Radium Hot Springs,50.61649305,-116.07460743,listing,,,,"$789,000.00","$730,000.00",Jul 11/25,4,4,2001,"8,276 sqft / 0.19 ac","3,262",019-209-401,55,columbia_valley/4824-mckay-street-20046407
Columbia Valley,10669795,7043 ELK RIDGE Road,Kootenay,RA - Radium Hot Springs,50.64221689,-116.07837293,listing,,,,"$789,900.00","$775,000.00",Apr 26/21,4,3,2014,,"2,605",029-174-406,53,columbia_valley/7043-elk-ridge-road-10669795
Columbia Valley,10563296,1007 4TH Avenue,Kootenay,IN - Invermere,50.505917,-116.025478,listing,,,,"$790,000.00","$755,000.00",Sep 22/05,4,3,1990,0 sqft / 0.00 ac,0,012-742-295,7,columbia_valley/1007-4th-avenue-10563296
Columbia Valley,10590002,4642 ROWAN Street,Kootenay,INRU - Windermere,50.458174,-115.989137,listing,,,,"$790,000.00","$750,000.00",Aug 10/09,3,2,1992,,"1,990",015-000-494,10,columbia_valley/4642-rowan-street-10590002
Columbia Valley,10588693,885 COPPERVIEW Close,Kootenay,INRU - Windermere,50.49996270,-115.99623070,street_geocode,nominatim,"Copperview Close, Area F, East Kootenay, BC",,"$795,000.00","$780,000.00",Jul 3/09,3,3,2009,"8,712 sqft / 0.20 ac","2,525",025-563-114,3,columbia_valley/885-copperview-close-10588693
Columbia Valley,10662424,7503 SUN VALLEY Place,Kootenay,RA - Radium Hot Springs,50.619464,-116.086718,listing,,,,"$795,000.00","$765,000.00",Jan 28/20,3,3,1999,,"3,550",026-865-343,40,columbia_valley/7503-sun-valley-place-10662424
Columbia Valley,20050440,959 COPPER POINT Way,Kootenay,INRU - Windermere,50.49818922,-115.98868883,listing,,,,"$795,000.00","$784,250.00",Jun 4/25,5,3,2020,,"2,260",027-004-872,55,columbia_valley/959-copper-point-way-20050440
Columbia Valley,20076380,4573 Columere Road,Kootenay,INRU - Fairmont/Columbia Lake,50.28973934,-115.87812296,listing,,,,"$795,000.00","$765,000.00",Feb 12/26,3,2,1993,"9,147 sqft / 0.21 ac","1,432",014-586-061,47,columbia_valley/4573-columere-road-20076380
Columbia Valley,10671250,2588 LEDGEROCK Ridge,Kootenay,IN - Invermere,50.47752546,-116.03982505,listing,,,,"$795,500.00","$830,000.00",May 30/21,3,3,2006,"10,172 sqft / 0.2335 ac","3,830",026-001-730,40,columbia_valley/2588-ledgerock-ridge-10671250
Columbia Valley,10665254,815 LAKEVIEW MEADOWS GREEN,Kootenay,INRU - Windermere,50.50012562,-116.00516735,listing,,,,"$797,500.00","$780,000.00",Jul 16/20,4,3,2004,"14,941 sqft / 0.343 ac","3,642",025-562-380,4,columbia_valley/815-lakeview-meadows-green-10665254
Columbia Valley,10685328,961 COPPER POINT Way,Kootenay,INRU - Windermere,50.49820212,-115.98885503,listing,,,,"$798,000.00","$750,000.00",Nov 19/23,5,5,2019,,"3,570",027-004-881,48,columbia_valley/961-copper-point-way-10685328
Columbia Valley,10523709,515 LAKEVIEW Place,Kootenay,INRU - Windermere,50.462525,-115.988646,listing,,,,"$799,000.00","$700,000.00",Jun 10/00,4,,1994,"20,037 sqft / 0.46 ac",0,610-052-894,1,columbia_valley/515-lakeview-place-10523709
Columbia Valley,10565896,4859 HOLLAND CK RIDGE Road,Kootenay,INRU - Windermere,50.49687090,-115.99982139,point,arcgis_world_geocoder,"4859 Holland Creek Ridge Rd, Invermere, British Columbia, V0A 1K3",88.15,"$799,000.00","$799,000.00",Mar 10/06,4,3,2001,0 sqft / 0.00 ac,0,024-848-191,7,columbia_valley/4859-holland-ck-ridge-road-10565896
Columbia Valley,10569690,4927 LAKEVIEW MEADOWS Close,Kootenay,INRU - Windermere,50.49928719,-115.99612238,point,arcgis_world_geocoder,"4927 Lakeview Meadows Close, Invermere, British Columbia, V0A 1K3",95.67,"$799,000.00","$790,000.00",Sep 23/06,3,3,2005,"12,632 sqft / 0.29 ac","2,128",026-030-691,5,columbia_valley/4927-lakeview-meadows-close-10569690
Columbia Valley,10572288,4552 COLUMBIA VIEW Road,Kootenay,INRU - Fairmont/Columbia Lake,50.287811,-115.880401,listing,,,,"$799,000.00","$747,000.00",Mar 5/07,3,3,1985,"32,234 sqft / 0.74 ac","3,025",011-928-166,10,columbia_valley/4552-columbia-view-road-10572288
Columbia Valley,10573769,1513 LAKEVIEW Lane,Kootenay,IN - Invermere,50.500077,-116.020167,listing,,,,"$799,000.00","$715,000.00",Aug 28/07,,2,2002,"2,613 sqft / 0.06 ac","1,250",015-804-577,10,columbia_valley/1513-lakeview-lane-10573769
Columbia Valley,10574816,1 BIGHORN SHEEP Lane,Kootenay,CF - Canal Flats,50.154785,-115.808063,listing,,,,"$799,000.00","$585,000.00",Aug 18/07,3,2,2007,"17,424 sqft / 0.40 ac","2,154",500-000-867,8,columbia_valley/1-bighorn-sheep-lane-10574816
Columbia Valley,10587559,4905 LAKEVIEW MEADOWS Close,Kootenay,INRU - Windermere,50.49916860,-115.99691450,street_geocode,nominatim,"Lakeview Meadows Close, Area F, East Kootenay, BC",,"$799,000.00","$700,000.00",Oct 7/09,5,3,2008,"8,712 sqft / 0.20 ac","3,275",026-030-641,10,columbia_valley/4905-lakeview-meadows-close-10587559
Columbia Valley,10589073,1453 STODDART Avenue,Kootenay,INRU - Windermere,50.473806,-115.993258,listing,,,,"$799,000.00","$720,000.00",Oct 13/09,4,2,,"34,848 sqft / 0.80 ac","1,704",007-828-080,10,columbia_valley/1453-stoddart-avenue-10589073
Columbia Valley,10607338,4764 TIMBER RIDGE Road,Kootenay,INRU - Windermere,50.49162910,-115.99699200,street_geocode,nominatim,"Timber Ridge Road, Area F, East Kootenay, BC",,"$799,000.00","$775,000.00",Sep 6/11,5,3,1985,"10,454 sqft / 0.24 ac","2,347",006-173-667,10,columbia_valley/4764-timber-ridge-road-10607338
Columbia Valley,10613313,964 LAKEVIEW MEADOWS GLEN,Kootenay,INRU - Windermere,50.49839430,-115.99778400,street_geocode,nominatim,"Lakeview Meadows Glen, Area F, East Kootenay, BC",,"$799,000.00","$752,000.00",Jul 24/13,4,4,2010,"6,534 sqft / 0.15 ac","3,116",026-030-861,10,columbia_valley/964-lakeview-meadows-glen-10613313
Columbia Valley,10631280,4808 LAKEHILL Road,Kootenay,INRU - Windermere,50.497861,-116.004222,listing,,,,"$799,000.00","$650,000.00",Nov 4/16,4,3,2002,"10,018 sqft / 0.23 ac","3,100",024-922-030,19,columbia_valley/4808-lakehill-road-10631280
Columbia Valley,10631447,2527 LEDGEROCK Ridge,Kootenay,IN - Invermere,50.506456,-116.029143,listing,,,,"$799,000.00","$770,000.00",Mar 4/15,3,3,2008,"10,018 sqft / 0.23 ac","3,548",026-001-489,16,columbia_valley/2527-ledgerock-ridge-10631447
Columbia Valley,10638399,7549 SPRINGS Terrace,Kootenay,RA - Radium Hot Springs,50.614888,-116.084512,listing,,,,"$799,000.00","$775,000.00",May 26/17,4,3,2014,,0,029-020-514,35,columbia_valley/7549-springs-terrace-10638399
Columbia Valley,10644065,4806 HOLLAND CREEK RIDGE Road,Kootenay,INRU - Windermere,50.49683,-116.003848,listing,,,,"$799,000.00","$780,500.00",Feb 10/17,4,4,2001,"18,295 sqft / 0.42 ac",0,024-848-069,40,columbia_valley/4806-holland-creek-ridge-road-10644065
Columbia Valley,10650499,402 WESTRIDGE View,Kootenay,IN - Invermere,50.498897,-116.043327,listing,,,,"$799,000.00","$793,500.00",Jan 29/18,3,3,2011,"19,602 sqft / 0.45 ac","3,200",018-500-633,37,columbia_valley/402-westridge-view-10650499
Columbia Valley,10654610,850 LAKEVIEW MEADOWS Road,Kootenay,INRU - Windermere,50.498402,-116.00191,listing,,,,"$799,000.00","$790,000.00",Aug 9/18,5,3,2005,"8,276 sqft / 0.19 ac","3,647",024-922-251,40,columbia_valley/850-lakeview-meadows-road-10654610
Columbia Valley,10659027,4642 ROWAN Street,Kootenay,INRU - Windermere,50.45787041,-115.98951291,point_geocode,arcgis_world_geocoder_manual_variant,"4642 Rowan St, Windermere, British Columbia, V0B 2L2",100,"$799,000.00","$775,000.00",Feb 18/20,,,1992,"5,227 sqft / 0.12 ac","1,999",015-000-494,38,columbia_valley/4642-rowan-street-10659027
Columbia Valley,10660407,2589 LEDGEROCK Court,Kootenay,IN - Invermere,50.477448,-116.039254,listing,,,,"$799,000.00","$770,000.00",Aug 2/19,4,3,2008,"11,761 sqft / 0.27 ac",0,026-001-292,37,columbia_valley/2589-ledgerock-court-10660407
Columbia Valley,10660433,4942 MOUNTAIN HILL Road,Kootenay,INRU - Fairmont/Columbia Lake,50.339849,-115.851814,listing,,,,"$799,000.00","$769,000.00",Nov 18/19,2,3,2008,"12,458 sqft / 0.286 ac",0,010-808-990,37,columbia_valley/4942-mountain-hill-road-10660433
Columbia Valley,10666174,4931 MOUNTAIN VIEW Drive,Kootenay,INRU - Fairmont/Columbia Lake,50.34123262,-115.85205765,listing,,,,"$799,000.00","$819,000.00",Sep 8/20,6,4,2000,"20,037 sqft / 0.46 ac","4,676",028-150-601,4,columbia_valley/4931-mountain-view-drive-10666174
Columbia Valley,10667320,1018 SWANSEA Road,Kootenay,INRU - Windermere,50.49706742,-115.98452749,listing,,,,"$799,000.00","$770,000.00",Feb 17/21,4,3,2008,"21,780 sqft / 0.50 ac","3,190",014-689-928,58,columbia_valley/1018-swansea-road-10667320
Columbia Valley,10671043,4690 NORTH Street,Kootenay,INRU - Windermere,50.4663123,-115.98905013,listing,,,,"$799,000.00","$789,000.00",Jun 4/21,5,3,1995,"9,104 sqft / 0.209 ac","2,280",019-209-240,45,columbia_valley/4690-north-street-10671043
Columbia Valley,10672747,6925 COLUMBIA RIDGE Drive,Kootenay,INRU - Fairmont/Columbia Lake,50.23822824,-115.87131318,listing,,,,"$799,000.00","$782,000.00",Sep 1/21,3,2,2009,"18,382 sqft / 0.422 ac","2,762",025-071-971,51,columbia_valley/6925-columbia-ridge-drive-10672747
Columbia Valley,10676060,1825 TAYNTON Road,Kootenay,INRU - Windermere,50.46056033,-115.9746408,listing,,,,"$799,000.00","$828,500.00",Apr 19/22,2,3,2002,"20,106 sqft / 0.4616 ac","1,469",024-198-820,99,columbia_valley/1825-taynton-road-10676060
Cranbrook/Kimberley,20073830,311 302nd Avenue,Kootenay,KI - Kimberley,49.63729303,-115.96292915,listing,,,,"$750,000.00",,,3,1,1928,,"1,398",016-130-081,56,cranbrook_kimberley/311-302nd-avenue-20073830
Cranbrook/Kimberley,20078478,75 103RD Avenue,Kootenay,KI - Kimberley,49.66412926,-115.96594646,listing,,,,"$750,000.00",,,4,3,1976,"6,969 sqft / 0.16 ac","2,143",013-085-034,30,cranbrook_kimberley/75-103rd-avenue-20078478
Cranbrook/Kimberley,20071254,317 Legacy Lookout,Kootenay,CRAN - Cranbrook North,49.54226263,-115.75993267,listing,,,,"$754,900.00",,,3,3,2022,,"2,018",032-223-927,28,cranbrook_kimberley/317-legacy-lookout-20071254
Cranbrook/Kimberley,10657484,1701 3RD S Avenue,Kootenay,CRAN - Cranbrook South,49.494101,-115.777297,listing,,,,"$759,000.00","$732,500.00",Feb 14/21,4,4,2016,"8,929 sqft / 0.205 ac","2,605",027-646-491,14,cranbrook_kimberley/1701-3rd-s-avenue-10657484
Cranbrook/Kimberley,10669940,518 FOREST CROWNE Drive,Kootenay,KI - Kimberley,49.64148199,-115.9730321,listing,,,,"$759,000.00","$746,300.00",May 20/21,3,2,2021,"12,806 sqft / 0.294 ac","1,735",027-293-955,5,cranbrook_kimberley/518-forest-crowne-drive-10669940
Cranbrook/Kimberley,20063623,3101 5th Street S,Kootenay,CRAN - Cranbrook South,49.50395059,-115.73770981,listing,,,,"$759,000.00","$746,500.00",Aug 18/25,4,4,2005,"7,927 sqft / 0.182 ac","2,615",017-719-810,52,cranbrook_kimberley/3101-5th-street-s-20063623
Cranbrook/Kimberley,20073637,454 Forest Crowne Rise,Kootenay,KI - Kimberley,49.64122242,-115.97719407,listing,,,,"$759,000.00","$745,000.00",Feb 20/26,3,2,2019,,"1,575",027-366-006,34,cranbrook_kimberley/454-forest-crowne-rise-20073637
Cranbrook/Kimberley,10670897,1905 16TH S Street,Kootenay,CRAN - Cranbrook South,49.49322513,-115.75489682,listing,,,,"$759,900.00","$750,000.00",Jun 22/21,4,3,2009,"8,276 sqft / 0.19 ac","2,901",027-621-456,39,cranbrook_kimberley/1905-16th-s-street-10670897
Cranbrook/Kimberley,20084357,233 Boulder Creek,Kootenay,CRAN - Northwest Cranbrook,49.5385398,-115.75577613,listing,,,,"$759,900.00",,,3,3,2009,,"2,347",028-355-989,32,cranbrook_kimberley/233-boulder-creek-20084357
Cranbrook/Kimberley,10682881,447 CROWNE RISE Forest,Kootenay,KI - Marysville,49.64134664,-115.97777627,listing,,,,"$764,900.00","$764,900.00",Jun 21/23,4,3,2011,,"2,210",027-365-999,70,cranbrook_kimberley/447-crowne-rise-forest-10682881
Cranbrook/Kimberley,20058040,205 309th Avenue,Kootenay,KI - Kimberley,49.63852518,-115.95303904,listing,,,,"$765,000.00","$745,000.00",Oct 7/25,4,2,1954,"11,935 sqft / 0.274 ac","2,890",028-898-524,55,cranbrook_kimberley/205-309th-avenue-20058040
Cranbrook/Kimberley,10693834,821 6TH Avenue,Kootenay,KI - Kimberley,49.7011709,-115.98820795,listing,,,,"$769,000.00","$764,000.00",Jan 26/24,4,2,1977,"7,492 sqft / 0.172 ac","2,095",015-238-342,43,cranbrook_kimberley/821-6th-avenue-10693834
Cranbrook/Kimberley,20027125,1282 23RD S Street,Kootenay,CRAN - Cranbrook South,49.48604974,-115.76139922,listing,,,,"$769,000.00","$769,000.00",Sep 23/24,5,3,2008,"9,583 sqft / 0.22 ac","2,651",027-036-804,46,cranbrook_kimberley/1282-23rd-s-street-20027125
Cranbrook/Kimberley,20060670,717 27th Avenue S,Kootenay,CRAN - Cranbrook South,49.50119106,-115.74378368,listing,,,,"$769,000.00","$745,000.00",Oct 3/25,4,4,1988,"8,276 sqft / 0.19 ac","2,823",010-542-515,50,cranbrook_kimberley/717-27th-avenue-s-20060670
Cranbrook/Kimberley,20074790,215 13th Avenue S,Kootenay,CRAN - Cranbrook South,49.50765696,-115.76380623,listing,,,,"$769,000.00","$745,000.00",Jan 16/26,3,4,2020,"7,920 sqft / 0.1818 ac","2,444",011-807-989,46,cranbrook_kimberley/215-13th-avenue-s-20074790
Cranbrook/Kimberley,10675733,1732 20TH S Avenue,Kootenay,CRAN - Cranbrook South,49.49179681,-115.7538321,listing,,,,"$769,750.00","$800,000.00",Apr 7/22,5,3,1995,"33,541 sqft / 0.77 ac","2,368",014-148-170,32,cranbrook_kimberley/1732-20th-s-avenue-10675733
Cranbrook/Kimberley,10667018,129 STEMWINDER Drive,Kootenay,KI - Alpine Resort Area,49.68735038,-115.99989944,listing,,,,"$769,900.00","$767,000.00",Sep 21/20,5,4,2009,"6,359 sqft / 0.146 ac","3,167",024-628-662,25,cranbrook_kimberley/129-stemwinder-drive-10667018
Cranbrook/Kimberley,10667357,1464 SOUTHVIEW Drive,Kootenay,CRAN - Cranbrook South,49.48788709,-115.75784478,listing,,,,"$769,900.00","$750,000.00",Oct 27/20,5,3,2018,"7,405 sqft / 0.17 ac","3,134",026-250-462,31,cranbrook_kimberley/1464-southview-drive-10667357
Cranbrook/Kimberley,20053388,2715 3rd Street S,Kootenay,CRAN - Cranbrook South,49.50634673,-115.74233762,listing,,,,"$769,900.00","$765,000.00",Jun 17/25,3,3,1965,"18,730 sqft / 0.43 ac","2,009",007-748-191,57,cranbrook_kimberley/2715-3rd-street-s-20053388
Cranbrook/Kimberley,20068527,1908 12th Street S,Kootenay,CRAN - Cranbrook South,49.49778074,-115.75588748,listing,,,,"$769,900.00","$770,000.00",Oct 17/25,5,3,2000,"7,710 sqft / 0.177 ac","2,637",018-763-189,55,cranbrook_kimberley/1908-12th-street-s-20068527
Cranbrook/Kimberley,20070160,530 Trail Street,Kootenay,KI - Kimberley,49.69037943,-115.98254682,listing,,,,"$769,900.00","$760,000.00",Oct 14/25,3,2,1949,"8,058 sqft / 0.185 ac","2,236",015-538-222,46,cranbrook_kimberley/530-trail-street-20070160
Cranbrook/Kimberley,20078342,209 31st Avenue S,Kootenay,CRAN - Cranbrook South,49.50721928,-115.73847781,listing,,,,"$769,900.00","$785,000.00",Feb 26/26,4,4,1989,"8,189 sqft / 0.188 ac","2,704",009-502-734,50,cranbrook_kimberley/209-31st-avenue-s-20078342
Cranbrook/Kimberley,20081980,606 302nd Street,Kootenay,KI - Marysville,49.63917519,-115.95614403,listing,,,,"$769,900.00",,,4,3,1977,"14,000 sqft / 0.3214 ac","2,108",016-099-117,51,cranbrook_kimberley/606-302nd-street-20081980
Cranbrook/Kimberley,20047369,303 Legacy Lookout,Kootenay,CRAN - Cranbrook North,49.54124289,-115.75907405,listing,,,,"$773,500.00","$761,000.00",May 6/25,3,3,2020,,"2,018",032-223-471,12,cranbrook_kimberley/303-legacy-lookout-20047369
Cranbrook/Kimberley,20069196,1646 MT PYRAMID Crescent,Kootenay,CRAN - Cranbrook North,49.52718861,-115.73521972,listing,,,,"$773,500.00","$750,000.00",Nov 4/25,5,4,1996,"11,325 sqft / 0.26 ac","3,075",018-831-052,50,cranbrook_kimberley/1646-mt-pyramid-crescent-20069196
Cranbrook/Kimberley,10681908,300 LEGACY LOOKOUT,Kootenay,CRAN - Cranbrook North,49.54135255,-115.75849168,listing,,,,"$774,900.00","$765,000.00",Aug 25/23,4,3,2019,,"2,484",030-676-959,29,cranbrook_kimberley/300-legacy-lookout-10681908
Cranbrook/Kimberley,20043585,254 305TH Avenue,Kootenay,KI - Marysville,49.63815896,-115.95803302,listing,,,,"$774,900.00","$710,000.00",Jun 25/25,5,4,1997,"7,100 sqft / 0.163 ac","3,912",016-121-708,54,cranbrook_kimberley/254-305th-avenue-20043585
Cranbrook/Kimberley,20080078,335 16th Avenue S,Kootenay,CRAN - Cranbrook South,49.504998,-115.75954687,listing,,,,"$774,900.00","$755,000.00",Mar 21/26,5,3,1975,"8,015 sqft / 0.184 ac","3,050",029-753-643,51,cranbrook_kimberley/335-16th-avenue-s-20080078
Cranbrook/Kimberley,10626846,18-6674 WARDNER-KIKOMUM Road,Kootenay,CRANL Ft. Steele to Wardner,49.40501699,-115.41910697,subaddress_geocode,arcgis_world_geocoder_manual_variant,"6674 Wardner Kikomun Rd, #18, Wardner, British Columbia, V0B 2J0",98.7,"$775,000.00","$745,000.00",Jun 18/14,3,2,2014,,"3,697",026-527-332,20,cranbrook_kimberley/18-6674-wardner-kikomum-road-10626846
Cranbrook/Kimberley,20026282,32-1401 30TH N Avenue,Kootenay,CRAN - Cranbrook North,49.52597859,-115.74155633,listing,,,,"$775,000.00","$770,000.00",Sep 19/24,4,4,2008,,"3,701",027-291-081,19,cranbrook_kimberley/32-1401-30th-n-avenue-20026282
Cranbrook/Kimberley,10672843,150 SULLIVAN Drive,Kootenay,KI - Kimberley,49.69825590,-115.99463098,point_geocode,arcgis_world_geocoder_manual_variant,"150 Sullivan Dr, Kimberley, British Columbia, V1A 0A7",100,"$777,700.00","$730,000.00",Sep 23/21,5,3,2011,,"3,100",028-347-927,39,cranbrook_kimberley/150-sullivan-drive-10672843
Cranbrook/Kimberley,10685008,700 22ND S Avenue,Kootenay,CRAN - Cranbrook South,49.50169404,-115.7506727,listing,,,,"$778,500.00","$774,000.00",Oct 20/23,4,4,2012,"10,018 sqft / 0.23 ac","2,299",027-561-828,38,cranbrook_kimberley/700-22nd-s-avenue-10685008
Cranbrook/Kimberley,10658252,812 17TH S Street,Kootenay,CRAN - Cranbrook South,49.493118,-115.769776,listing,,,,"$779,000.00","$761,904.00",Jul 17/19,3,3,2019,"8,929 sqft / 0.205 ac",0,026-573-059,8,cranbrook_kimberley/812-17th-s-street-10658252
Cranbrook/Kimberley,10669578,9-6324 LAURIER Avenue,Kootenay,CRANL Ft. Steele to Wardner,49.41329532,-115.42169481,listing,,,,"$779,000.00","$759,000.00",May 24/21,5,3,2012,,"2,077",028-029-399,51,cranbrook_kimberley/9-6324-laurier-avenue-10669578
Cranbrook/Kimberley,20003058,4315 LAKEVIEW Drive,Kootenay,CRANL Cranbrook Periphery,49.48370376,-115.84817827,listing,,,,"$779,000.00","$690,000.00",Jul 2/24,6,2,2006,"26,136 sqft / 0.60 ac","1,786",012-246-484,84,cranbrook_kimberley/4315-lakeview-drive-20003058
Cranbrook/Kimberley,20020840,814 307TH Avenue,Kootenay,KI - Marysville,49.63262572,-115.95415125,listing,,,,"$779,000.00","$755,000.00",Jun 30/24,4,3,1992,"11,194 sqft / 0.257 ac","2,692",011-473-134,31,cranbrook_kimberley/814-307th-avenue-20020840
Cranbrook/Kimberley,20072535,2904 Edgewood Drive,Kootenay,CRAN - Cranbrook South,49.50853107,-115.73903449,listing,,,,"$779,000.00","$760,000.00",Jan 28/26,3,3,1991,"9,147 sqft / 0.21 ac","2,400",010-881-760,57,cranbrook_kimberley/2904-edgewood-drive-20072535
Cranbrook/Kimberley,10669531,801 22ND S Avenue,Kootenay,CRAN - Cranbrook South,49.50127586,-115.75086238,listing,,,,"$779,900.00","$760,000.00",Apr 23/21,5,3,2013,"9,583 sqft / 0.22 ac","3,013",027-561-798,40,cranbrook_kimberley/801-22nd-s-avenue-10669531
Cranbrook/Kimberley,10681930,176 SHADOW MOUNTAIN Boulevard,Kootenay,CRAN - Cranbrook North,49.57718975,-115.79507886,listing,,,,"$779,900.00","$765,000.00",May 14/23,5,3,2021,,"2,534",028-126-734,56,cranbrook_kimberley/176-shadow-mountain-boulevard-10681930
Cranbrook/Kimberley,20046086,3104 5th Street S,Kootenay,CRAN - Cranbrook South,49.50432175,-115.7373911,listing,,,,"$779,900.00","$755,000.00",May 9/25,5,2,1996,"8,276 sqft / 0.19 ac","3,397",017-869-021,23,cranbrook_kimberley/3104-5th-street-s-20046086
Cranbrook/Kimberley,20049485,224 Lindsay Street,Kootenay,KI - Kimberley,49.6705185,-115.98128598,listing,,,,"$779,900.00","$777,000.00",May 9/25,3,3,2009,"6,000 sqft / 0.1377 ac","2,550",013-354-388,42,cranbrook_kimberley/224-lindsay-street-20049485
Cranbrook/Kimberley,20050060,350 Legacy Lookout,Kootenay,CRAN - Cranbrook North,49.54142634,-115.76036142,listing,,,,"$779,900.00","$761,500.00",Nov 13/25,3,2,2020,,"2,380",032-223-706,33,cranbrook_kimberley/350-legacy-lookout-20050060
Cranbrook/Kimberley,20086371,87-1401 Willowbrook Drive N,Kootenay,CRAN - Cranbrook North,49.52527565,-115.74701239,listing,,,,"$779,900.00",,,3,3,1997,,"2,807",019-208-952,53,cranbrook_kimberley/87-1401-willowbrook-drive-n-20086371
Cranbrook/Kimberley,20087063,365 Legacy Lookout,Kootenay,CRAN - Cranbrook North,49.54204384,-115.76142676,listing,,,,"$779,900.00",,,4,3,2021,,"2,170",032-223-773,40,cranbrook_kimberley/365-legacy-lookout-20087063
Cranbrook/Kimberley,20087226,244 Boulder Creek,Kootenay,CRAN - Northwest Cranbrook,49.53890993,-115.75655684,listing,,,,"$779,900.00",,,3,3,2009,,"2,350",028-356-055,40,cranbrook_kimberley/244-boulder-creek-20087226
Cranbrook/Kimberley,20022971,200 BOULDER Creek,Kootenay,CRAN - Cranbrook North,49.53996562,-115.75611723,listing,,,,"$784,500.00","$765,000.00",Aug 2/24,3,3,2008,,"2,383",027-957-811,47,cranbrook_kimberley/200-boulder-creek-20022971
Cranbrook/Kimberley,20048728,313 17TH Street S,Kootenay,CRAN - Cranbrook South,49.49220219,-115.77739051,listing,,,,"$784,900.00","$779,900.00",May 2/25,4,3,2008,"8,712 sqft / 0.20 ac","3,255",027-646-599,38,cranbrook_kimberley/313-17th-street-s-20048728
Cranbrook/Kimberley,20022594,610 TRAIL Street,Kootenay,KI - Kimberley,49.69089269,-115.98039874,listing,,,,"$785,000.00","$700,000.00",Sep 27/24,3,3,1938,"4,792 sqft / 0.11 ac","1,745",011-935-120,12,cranbrook_kimberley/610-trail-street-20022594
Cranbrook/Kimberley,10685535,112 PURCELL Place,Kootenay,CRAN - Cranbrook North,49.57825263,-115.79762505,listing,,,,"$787,000.00","$782,000.00",Mar 11/24,4,3,2015,,"2,756",028-125-088,29,cranbrook_kimberley/112-purcell-place-10685535
Cranbrook/Kimberley,20048760,438 ALPINE Crescent,Kootenay,KI - Alpine Resort Area,49.68646703,-115.99035045,listing,,,,"$787,000.00","$765,000.00",May 16/25,4,2,1982,"6,969 sqft / 0.16 ac","2,351",010-627-472,50,cranbrook_kimberley/438-alpine-crescent-20048760
Cranbrook/Kimberley,20020530,805 16TH S Street,Kootenay,CRAN - Cranbrook South,49.49347228,-115.77011514,listing,,,,"$787,500.00","$800,000.00",Apr 5/24,7,3,1992,"10,018 sqft / 0.23 ac","3,273",017-702-381,44,cranbrook_kimberley/805-16th-s-street-20020530
Cranbrook/Kimberley,10654223,145 STEMWINDER Drive,Kootenay,KI - Alpine Resort Area,49.687945,-116.000014,listing,,,,"$788,000.00","$744,000.00",Oct 15/18,4,4,2008,"6,534 sqft / 0.15 ac","3,250",024-628-701,37,cranbrook_kimberley/145-stemwinder-drive-10654223
Cranbrook/Kimberley,10552417,153 STEMWINDER Drive,Kootenay,KI - Kimberley,49.6883,-116.000057,listing,,,,"$789,000.00","$675,000.00",Sep 13/04,5,4,,"6,534 sqft / 0.15 ac",0,610-063-308,7,cranbrook_kimberley/153-stemwinder-drive-10552417
Cranbrook/Kimberley,20021100,402 ALPINE Crescent,Kootenay,KI - Alpine Resort Area,49.68433052,-115.98983543,listing,,,,"$789,000.00","$815,000.00",May 1/24,3,3,1979,"8,015 sqft / 0.184 ac","2,010",012-865-397,38,cranbrook_kimberley/402-alpine-crescent-20021100
Cranbrook/Kimberley,20022519,611 NELSON Street,Kootenay,KI - Kimberley,49.69193634,-115.981125,listing,,,,"$789,000.00","$762,000.00",Aug 9/24,4,3,1938,"5,009 sqft / 0.115 ac","2,490",015-578-241,69,cranbrook_kimberley/611-nelson-street-20022519
Cranbrook/Kimberley,20035684,222 Boulder Creek,Kootenay,CRAN - Cranbrook North,49.53923882,-115.75519018,listing,,,,"$789,000.00","$775,000.00",Feb 22/25,2,3,2008,,"2,622",027-957-926,37,cranbrook_kimberley/222-boulder-creek-20035684
Cranbrook/Kimberley,20040986,205 18 Street S,Kootenay,CRAN - Cranbrook South,49.49159439,-115.77964478,listing,,,,"$789,000.00","$763,000.00",Mar 19/25,3,3,2016,"9,583 sqft / 0.22 ac","2,198",028-635-973,12,cranbrook_kimberley/205-18-street-s-20040986
Cranbrook/Kimberley,10669905,1609 8TH S Avenue,Kootenay,CRAN - Cranbrook South,49.49356895,-115.7711047,listing,,,,"$789,900.00","$785,000.00",Jun 14/21,4,3,2019,"6,969 sqft / 0.16 ac","3,094",029-827-566,64,cranbrook_kimberley/1609-8th-s-avenue-10669905
Cranbrook/Kimberley,10673089,112 FOREST CROWNE Crescent,Kootenay,KI - Kimberley,49.64230669,-115.97194226,listing,,,,"$789,900.00","$789,900.00",Oct 23/21,3,2,2011,"12,458 sqft / 0.286 ac","2,440",027-293-866,59,cranbrook_kimberley/112-forest-crowne-crescent-10673089
Cranbrook/Kimberley,10674183,1274 23RD S Street,Kootenay,CRAN - Cranbrook South,49.48601441,-115.76195673,listing,,,,"$789,900.00","$792,500.00",Nov 29/21,5,3,2007,"10,018 sqft / 0.23 ac","3,238",027-036-821,48,cranbrook_kimberley/1274-23rd-s-street-10674183
Cranbrook/Kimberley,10683127,1400 17TH S Street,Kootenay,CRAN - Cranbrook South,49.49269412,-115.75947705,listing,,,,"$789,900.00","$783,000.00",Sep 27/23,4,3,2006,"7,840 sqft / 0.18 ac","2,816",026-314-576,58,cranbrook_kimberley/1400-17th-s-street-10683127
Cranbrook/Kimberley,20027834,405 FOREST CROWNE Close,Kootenay,KI - Kimberley,49.64395984,-115.97896628,listing,,,,"$789,900.00","$767,000.00",Sep 20/24,4,4,2007,,"2,354",026-537-931,32,cranbrook_kimberley/405-forest-crowne-close-20027834
Cranbrook/Kimberley,20077373,166 304th Avenue,Kootenay,KI - Marysville,49.63976818,-115.96099598,listing,,,,"$789,900.00","$760,800.00",Apr 10/26,5,3,2003,"7,840 sqft / 0.18 ac","2,208",025-015-290,51,cranbrook_kimberley/166-304th-avenue-20077373
Cranbrook/Kimberley,20085434,804 16th Street S,Kootenay,CRAN - Cranbrook South,49.49393574,-115.77011224,listing,,,,"$789,900.00",,,5,3,1993,"10,018 sqft / 0.23 ac","2,924",017-702-259,55,cranbrook_kimberley/804-16th-street-s-20085434
Cranbrook/Kimberley,10606465,#37-6674 WARDNER-KIKOMUN Road,Kootenay,CRANL Ft. Steele to Wardner,49.40501699,-115.41910697,subaddress_geocode,arcgis_world_geocoder_manual_variant,"6674 Wardner Kikomun Rd, #37, Wardner, British Columbia, V0B 2J0",100,"$795,000.00","$691,964.00",Jul 28/11,6,3,2008,,"3,163",026-527-529,10,cranbrook_kimberley/37-6674-wardner-kikomun-road-10606465
Cranbrook/Kimberley,10667637,22-9481 ESTATES Road,Kootenay,CRANL - Moyie Lake,49.28054561,-115.84701547,listing,,,,"$798,000.00","$782,825.00",Nov 6/20,4,3,2007,0 sqft / 0.00 ac,"2,449",000-000-000,43,cranbrook_kimberley/22-9481-estates-road-10667637
Cranbrook/Kimberley,10680439,913 17TH S Street,Kootenay,CRAN - Cranbrook South,49.4925857,-115.7682942,listing,,,,"$798,500.00","$776,500.00",May 12/23,4,3,2011,"10,018 sqft / 0.23 ac","3,090",026-573-156,58,cranbrook_kimberley/913-17th-s-street-10680439
Cranbrook/Kimberley,10470205,419 ALPINE Crescent,Kootenay,KI - Kimberley,49.685396,-115.991907,listing,,,,"$799,000.00","$73,500.00",Jul 31/90,3,,,"13,503 sqft / 0.31 ac","1,176",610-072-895,0,cranbrook_kimberley/419-alpine-crescent-10470205
Cranbrook/Kimberley,10574318,6392 TIE LAKE Road,Kootenay,CRANL - Wycliffe,49.41728068,-115.31771804,point,arcgis_world_geocoder,"6392 Tie Lake Rd, Jaffray, British Columbia, V0B 1T0",89.39,"$799,000.00","$765,000.00",Jun 12/07,2,1,1971,"14,810 sqft / 0.34 ac","1,400",008-259-887,7,cranbrook_kimberley/6392-tie-lake-road-10574318
Cranbrook/Kimberley,10621595,9382 MOYIE SHORES ESTATE Road,Kootenay,CRANL - Moyie Lake,49.288053,-115.833511,listing,,,,"$799,000.00","$710,000.00",Oct 16/14,3,2,1994,,"3,365",007-021-712,15,cranbrook_kimberley/9382-moyie-shores-estate-road-10621595
Cranbrook/Kimberley,10658951,9444 MOYIE SHORES ESTATES W Road,Kootenay,CRANL - Moyie Lake,49.279867,-115.844255,listing,,,,"$799,000.00","$760,000.00",Aug 7/19,3,2,1993,,0,007-022-697,40,cranbrook_kimberley/9444-moyie-shores-estates-w-road-10658951
Cranbrook/Kimberley,10665147,824 309TH Street,Kootenay,KI - Marysville,49.632343,-115.949243,listing,,,,"$799,000.00","$775,000.00",Oct 30/20,5,4,2007,"7,230 sqft / 0.166 ac","4,554",024-504-602,32,cranbrook_kimberley/824-309th-street-10665147
Cranbrook/Kimberley,10672776,804 17TH S Street,Kootenay,CRAN - Cranbrook South,49.4929927,-115.7701496,listing,,,,"$799,000.00","$799,000.00",Sep 16/21,4,3,2007,"9,147 sqft / 0.21 ac","3,528",026-573-075,84,cranbrook_kimberley/804-17th-s-street-10672776
Cranbrook/Kimberley,10684522,1611 1ST S Avenue,Kootenay,CRAN - Cranbrook South,49.49332042,-115.78241832,listing,,,,"$799,000.00","$795,000.00",Mar 22/24,4,3,2023,"7,405 sqft / 0.17 ac","2,618",031-065-139,21,cranbrook_kimberley/1611-1st-s-avenue-10684522
Cranbrook/Kimberley,10685240,2210 13TH S Avenue,Kootenay,CRAN - Cranbrook South,49.48646115,-115.76078547,listing,,,,"$799,000.00","$793,000.00",Nov 17/23,3,3,2007,"11,325 sqft / 0.26 ac","1,949",026-771-519,29,cranbrook_kimberley/2210-13th-s-avenue-10685240
Cranbrook/Kimberley,20021290,147 THE WHINS,Kootenay,CRAN - Northwest Cranbrook,49.5389958,-115.76223281,listing,,,,"$799,000.00","$785,000.00",Oct 8/25,4,3,2018,,"2,624",027-472-094,29,cranbrook_kimberley/147-the-whins-20021290
Cranbrook/Kimberley,20022685,405 7TH Avenue,Kootenay,KI - Kimberley,49.69351588,-115.9851582,listing,,,,"$799,000.00","$799,000.00",Oct 16/24,4,3,1928,"9,104 sqft / 0.209 ac","2,583",015-663-698,40,cranbrook_kimberley/405-7th-avenue-20022685
Cranbrook/Kimberley,20036703,805 31ST Avenue S,Kootenay,CRAN - Cranbrook South,49.50074448,-115.73826142,listing,,,,"$799,000.00","$787,000.00",Jan 3/25,4,3,1981,"8,276 sqft / 0.19 ac","2,579",009-215-514,41,cranbrook_kimberley/805-31st-avenue-s-20036703
Cranbrook/Kimberley,20042244,954 313th Drive,Kootenay,KI - Marysville,49.64054443,-115.94578838,listing,,,,"$799,000.00","$779,000.00",Mar 17/25,5,3,2005,"6,403 sqft / 0.147 ac","2,373",026-009-463,39,cranbrook_kimberley/954-313th-drive-20042244
Cranbrook/Kimberley,20042910,307 LEGACY LOOKOUT,Kootenay,CRAN - Cranbrook North,49.54161698,-115.75942481,listing,,,,"$799,000.00","$785,000.00",Jul 7/25,4,3,2021,,"2,638",032-223-641,59,cranbrook_kimberley/307-legacy-lookout-20042910
Cranbrook/Kimberley,20050871,940 313TH Drive,Kootenay,KI - Marysville,49.64183219,-115.9455945,listing,,,,"$799,000.00",,,4,3,2006,"6,838 sqft / 0.157 ac","2,235",026-009-404,68,cranbrook_kimberley/940-313th-drive-20050871
Cranbrook/Kimberley,20075439,2950 Mellor Road,Kootenay,CRANL - Wycliffe,49.60535668,-115.86046764,listing,,,,"$799,000.00","$799,000.00",Feb 4/26,3,2,1992,"40,162 sqft / 0.922 ac","1,987",008-956-073,69,cranbrook_kimberley/2950-mellor-road-20075439
Cranbrook/Kimberley,20079642,140 River Drive,Kootenay,CRAN - Cranbrook North,49.5812283,-115.80134044,listing,,,,"$799,000.00",,,2,2,2022,,"1,214",028-124-758,32,cranbrook_kimberley/140-river-drive-20079642
Cranbrook/Kimberley,20083862,15 Turner Close,Kootenay,KI - Marysville,49.63407721,-115.95756155,listing,,,,"$799,000.00",,,2,2,2026,"5,924 sqft / 0.136 ac","1,755",000-000-000,23,cranbrook_kimberley/15-turner-close-20083862
Cranbrook/Kimberley,10612922,1357 SOUTHVIEW Drive,Kootenay,CRAN - Cranbrook South,49.487694,-115.761899,listing,,,,"$799,900.00","$688,000.00",Mar 10/13,4,4,2010,"8,712 sqft / 0.20 ac","3,546",026-664-992,10,cranbrook_kimberley/1357-southview-drive-10612922
Cranbrook/Kimberley,10625065,208 CROWNE TERRACE Forest,Kootenay,KI - Kimberley,49.644295,-115.973946,listing,,,,"$799,900.00","$770,000.00",Sep 17/14,4,1,2009,"18,730 sqft / 0.43 ac","3,829",024-910-015,20,cranbrook_kimberley/208-crowne-terrace-forest-10625065
Cranbrook/Kimberley,10641909,7822 MONROE LAKE Road,Kootenay,CRANL - Moyie Lake,49.364424,-115.861484,listing,,,,"$799,900.00","$765,000.00",Jan 31/17,3,3,2003,"40,641 sqft / 0.933 ac",0,015-652-041,4,cranbrook_kimberley/7822-monroe-lake-road-10641909
Cranbrook/Kimberley,10652500,1909 16TH S Street,Kootenay,CRAN - Cranbrook South,49.49335,-115.754603,listing,,,,"$799,900.00","$789,000.00",Jul 24/18,4,4,2015,"8,276 sqft / 0.19 ac","3,688",027-621-448,33,cranbrook_kimberley/1909-16th-s-street-10652500
Cranbrook/Kimberley,10675651,9314 LANGEVIN Street,Kootenay,CRANL Ft. Steele to Wardner,49.41671713,-115.42564897,listing,,,,"$799,900.00","$765,000.00",Jul 15/22,6,4,2011,"14,810 sqft / 0.34 ac","2,945",028-629-167,22,cranbrook_kimberley/9314-langevin-street-10675651
Cranbrook/Kimberley,10676696,725 34TH S Avenue,Kootenay,CRAN - Cranbrook South,49.50135349,-115.73380894,listing,,,,"$799,900.00","$780,000.00",Oct 17/22,4,4,2007,"6,969 sqft / 0.16 ac","3,520",027-148-629,42,cranbrook_kimberley/725-34th-s-avenue-10676696
Cranbrook/Kimberley,10678423,9905 OSPREY LANDING Drive,Kootenay,CRANL Ft. Steele to Wardner,49.40940530,-115.42327562,point_geocode,arcgis_world_geocoder_manual_variant,"9905 Osprey Landing Dr, Wardner, British Columbia, V0B 2J0",100,"$799,900.00","$799,900.00",Sep 13/22,2,2,2022,,"1,366",028-270-690,24,cranbrook_kimberley/9905-osprey-landing-drive-10678423
Cranbrook/Kimberley,10679813,701 34TH S Avenue,Kootenay,CRAN - Cranbrook South,49.50164769,-115.73385134,listing,,,,"$799,900.00","$768,000.00",Nov 21/22,5,4,2005,"10,018 sqft / 0.23 ac","3,700",027-148-611,64,cranbrook_kimberley/701-34th-s-avenue-10679813
Cranbrook/Kimberley,10680848,2400 34TH S Avenue,Kootenay,CRANL Cranbrook Periphery,49.48655061,-115.73283811,listing,,,,"$799,900.00","$785,000.00",Mar 31/23,4,3,1971,"42,688 sqft / 0.98 ac","1,998",008-548-501,39,cranbrook_kimberley/2400-34th-s-avenue-10680848
Cranbrook/Kimberley,10683832,211 CROWNE TERRACE Forest,Kootenay,KI - Marysville,49.64457479,-115.97399609,listing,,,,"$799,900.00","$799,900.00",Mar 29/24,3,3,2001,"18,905 sqft / 0.434 ac","2,592",024-910-007,12,cranbrook_kimberley/211-crowne-terrace-forest-10683832
Cranbrook/Kimberley,20037931,610 PONDEROSA Drive,Kootenay,KI - Kimberley,49.64068006,-115.97712875,listing,,,,"$799,900.00","$795,000.00",Apr 4/25,3,3,2023,"8,364 sqft / 0.192 ac","2,100",031-567-258,36,cranbrook_kimberley/610-ponderosa-drive-20037931
Cranbrook/Kimberley,20040797,51 100TH Avenue,Kootenay,KI - Kimberley,49.66654582,-115.96971065,listing,,,,"$799,900.00","$770,000.00",Mar 4/25,4,2,2007,"10,018 sqft / 0.23 ac","2,675",018-723-195,85,cranbrook_kimberley/51-100th-avenue-20040797
Cranbrook/Kimberley,20042580,2850 BLACK BEAR Crescent,Kootenay,KI - Kimberley,49.66264548,-115.9655626,listing,,,,"$799,900.00","$790,000.00",Mar 13/25,3,3,2015,"16,552 sqft / 0.38 ac","1,750",015-790-100,43,cranbrook_kimberley/2850-black-bear-crescent-20042580
Cranbrook/Kimberley,20045387,3313 3A Street S,Kootenay,CRAN - Cranbrook South,49.50526943,-115.7338013,listing,,,,"$799,900.00","$800,000.00",Apr 3/25,5,4,1993,"13,068 sqft / 0.30 ac","4,839",018-202-560,39,cranbrook_kimberley/3313-3a-street-s-20045387
Cranbrook/Kimberley,20057967,1900 12th Street S,Kootenay,CRAN - Cranbrook South,49.49767848,-115.75637282,listing,,,,"$799,900.00","$790,000.00",Jul 11/25,5,3,2004,"7,405 sqft / 0.17 ac","2,649",018-763-162,48,cranbrook_kimberley/1900-12th-street-s-20057967
Cranbrook/Kimberley,20062684,1629 Staple Crescent,Kootenay,CRAN - Cranbrook South,49.49575165,-115.75717769,listing,,,,"$799,900.00","$785,000.00",Sep 29/25,4,3,1992,"11,325 sqft / 0.26 ac","3,050",017-718-261,88,cranbrook_kimberley/1629-staple-crescent-20062684
Fernie/Sparwood,10559698,11 ALPINE TRAIL Lane,Kootenay,FE - Fernie,49.521253,-115.067531,listing,,,,"$750,000.00","$750,000.00",Mar 1/05,3,3,,,0,025-992-473,3,fernie_sparwood/11-alpine-trail-lane-10559698
Fernie/Sparwood,10674172,101 RIDGEMONT Crescent,Kootenay,FE - Fernie,49.50152494,-115.05503595,listing,,,,"$750,000.00","$720,000.00",Dec 23/21,4,3,1976,"10,454 sqft / 0.24 ac","2,456",014-087-154,21,fernie_sparwood/101-ridgemont-crescent-10674172
Fernie/Sparwood,10676037,1110 BEACH Avenue,Kootenay,FE - Fernie,49.50367381,-115.07251575,listing,,,,"$750,000.00","$781,000.00",Apr 28/22,2,1,1910,"8,320 sqft / 0.191 ac","1,370",015-942-830,25,fernie_sparwood/1110-beach-avenue-10676037
Fernie/Sparwood,20035045,2411 Osprey Court,Kootenay,SP - Sparwood,49.7591632,-114.89207061,listing,,,,"$750,000.00","$730,000.00",Dec 2/24,5,3,2012,"17,859 sqft / 0.41 ac","2,592",028-169-972,51,fernie_sparwood/2411-osprey-court-20035045
Fernie/Sparwood,10670868,23 RIDGEMONT Drive,Kootenay,FE - Fernie,49.50275115,-115.05450283,listing,,,,"$755,000.00","$765,000.00",May 27/21,4,2,1979,"7,840 sqft / 0.18 ac","2,035",011-494-999,53,fernie_sparwood/23-ridgemont-drive-10670868
Fernie/Sparwood,10681059,2260 BLACK HAWK Drive,Kootenay,SP - Sparwood,49.7597004,-114.89407011,listing,,,,"$755,000.00","$752,000.00",Jul 5/23,3,3,2023,"16,552 sqft / 0.38 ac","1,884",028-169-891,35,fernie_sparwood/2260-black-hawk-drive-10681059
Fernie/Sparwood,10683161,2313 FALCON Court,Kootenay,SP - Sparwood,49.75798803,-114.89175338,listing,,,,"$755,000.00","$736,500.00",Jul 25/23,3,3,2012,"13,939 sqft / 0.32 ac","1,741",028-170-130,59,fernie_sparwood/2313-falcon-court-10683161
Fernie/Sparwood,10561093,5401 BOOMERANG Way,Kootenay,FERU - Ski Hill Area,49.46657381,-115.08280632,point_geocode,arcgis_world_geocoder_manual_variant,"5401 Boomerang Way, Fernie, British Columbia, V0B 1M6",100,"$759,000.00","$710,000.00",Mar 4/06,4,2,1999,"27,442 sqft / 0.63 ac",0,610-051-408,8,fernie_sparwood/5401-boomerang-way-10561093
Fernie/Sparwood,10667796,9 PINE Avenue,Kootenay,FE - Fernie,49.49658341,-115.06405254,listing,,,,"$759,000.00","$742,000.00",Nov 16/20,3,3,1976,"16,117 sqft / 0.37 ac","2,678",007-579-055,29,fernie_sparwood/9-pine-avenue-10667796
Fernie/Sparwood,10673062,6853 ROSEN LAKE E Road,Kootenay,FERU - Jaffray and Vicinity,49.39397556,-115.25562759,listing,,,,"$759,000.00","$759,000.00",Sep 22/21,4,2,2000,"15,246 sqft / 0.35 ac","4,608",013-564-421,48,fernie_sparwood/6853-rosen-lake-e-road-10673062
Fernie/Sparwood,20021326,2264 BLACK HAWK Drive,Kootenay,SP - Sparwood,49.75981671,-114.89495128,listing,,,,"$759,000.00","$769,000.00",May 18/24,3,3,2021,"9,147 sqft / 0.21 ac","2,542",028-695-712,70,fernie_sparwood/2264-black-hawk-drive-20021326
Fernie/Sparwood,20022704,1206 VALLEY VIEW Drive,Kootenay,SP - Sparwood,49.74830986,-114.89170194,listing,,,,"$759,000.00","$769,000.00",Jul 8/24,5,3,2017,"9,583 sqft / 0.22 ac","2,782",010-446-231,67,fernie_sparwood/1206-valley-view-drive-20022704
Fernie/Sparwood,20034035,2202 Black Hawk Drive,Kootenay,SP - Sparwood,49.75721692,-114.89236494,listing,,,,"$759,000.00","$745,000.00",Dec 17/24,5,4,2010,"15,246 sqft / 0.35 ac","2,949",028-169-603,68,fernie_sparwood/2202-black-hawk-drive-20034035
Fernie/Sparwood,20043865,1622 11 Avenue,Kootenay,FE - Fernie,49.51666032,-115.06223833,listing,,,,"$759,000.00","$759,000.00",Mar 25/25,3,1,1974,"6,969 sqft / 0.16 ac","1,068",016-077-113,65,fernie_sparwood/1622-11-avenue-20043865
Fernie/Sparwood,20069119,2030 GOLDEN EAGLE Drive,Kootenay,SP - Sparwood,49.75918072,-114.89444902,listing,,,,"$759,000.00","$745,500.00",Dec 12/25,5,3,2012,"10,890 sqft / 0.25 ac","2,364",028-170-253,76,fernie_sparwood/2030-golden-eagle-drive-20069119
Fernie/Sparwood,10654287,21 MT MINTON Street,Kootenay,FE - Fernie,49.495733,-115.070687,listing,,,,"$759,900.00","$750,000.00",Aug 8/18,4,3,1981,"8,319 sqft / 0.191 ac","2,490",011-734-299,38,fernie_sparwood/21-mt-minton-street-10654287
Fernie/Sparwood,10679423,1681 KOOCANUSA LAKE Drive,Kootenay,FERU - Elko to Montana,49.17766297,-115.23551542,listing,,,,"$759,900.00","$750,000.00",Dec 4/22,3,3,2016,,"1,794",028-881-222,29,fernie_sparwood/1681-koocanusa-lake-drive-10679423
Fernie/Sparwood,10683952,1204 VALLEY VIEW Drive,Kootenay,SP - Sparwood,49.74808525,-114.89178045,listing,,,,"$759,900.00","$750,000.00",Oct 30/23,6,4,2006,"8,712 sqft / 0.20 ac","4,083",010-446-206,76,fernie_sparwood/1204-valley-view-drive-10683952
Fernie/Sparwood,20049830,1256 Valley View Drive,Kootenay,SP - Sparwood,49.74755517,-114.89136592,listing,,,,"$759,900.00","$750,000.00",May 9/25,5,3,2005,"12,632 sqft / 0.29 ac","2,479",010-446-095,35,fernie_sparwood/1256-valley-view-drive-20049830
Fernie/Sparwood,20039625,941 5th Avenue,Kootenay,FE - Fernie,49.50826419,-115.06151836,listing,,,,"$759,999.00","$685,000.00",Apr 28/25,4,2,1909,"6,969 sqft / 0.16 ac","1,857",016-113-802,33,fernie_sparwood/941-5th-avenue-20039625
Fernie/Sparwood,20022908,842 8TH Avenue,Kootenay,FE - Fernie,49.50874718,-115.06534974,listing,,,,"$760,000.00","$740,000.00",Sep 4/24,5,2,1967,"7,405 sqft / 0.17 ac","1,736",016-100-824,42,fernie_sparwood/842-8th-avenue-20022908
Fernie/Sparwood,10669621,9 ELKVIEW Place,Kootenay,FE - Fernie,49.49525312,-115.07059684,listing,,,,"$763,500.00","$787,500.00",Apr 4/21,4,3,1981,"8,712 sqft / 0.20 ac","1,989",011-917-962,25,fernie_sparwood/9-elkview-place-10669621
Fernie/Sparwood,10682918,79 RIDGEMONT Drive,Kootenay,FE - Fernie,49.50678948,-115.04909858,listing,,,,"$764,000.00","$755,000.00",Sep 27/23,2,1,1970,"6,621 sqft / 0.152 ac","1,440",012-564-249,46,fernie_sparwood/79-ridgemont-drive-10682918
Fernie/Sparwood,10605182,4600 TIMBERLINE Crescent,Kootenay,FERU - Ski Hill Area,49.46364,-115.082022,listing,,,,"$765,000.00","$690,000.00",May 25/11,,,1982,"18,730 sqft / 0.43 ac","2,500",009-525-751,1,fernie_sparwood/4600-timberline-crescent-10605182
Fernie/Sparwood,10663402,11 PARKLAND Drive,Kootenay,FE - Fernie,49.52106425,-115.06609701,listing,,,,"$765,000.00","$732,500.00",Mar 18/20,3,3,1981,"12,371 sqft / 0.284 ac","1,857",005-221-471,50,fernie_sparwood/11-parkland-drive-10663402
Fernie/Sparwood,20020418,782 4TH Avenue,Kootenay,FE - Fernie,49.50616999,-115.06124035,listing,,,,"$769,000.00","$735,000.00",Jun 28/24,3,1,1946,"3,599 sqft / 0.0826 ac","1,435",030-845-556,31,fernie_sparwood/782-4th-avenue-20020418
Fernie/Sparwood,20020438,1250 VALLEY VIEW Drive,Kootenay,SP - Sparwood,49.74860102,-114.89073277,listing,,,,"$769,000.00","$764,500.00",May 14/24,3,2,2005,"19,297 sqft / 0.443 ac","1,835",026-437-449,40,fernie_sparwood/1250-valley-view-drive-20020438
Fernie/Sparwood,20059379,1265 VALLEY VIEW Place,Kootenay,SP - Sparwood,49.74701139,-114.89135773,listing,,,,"$769,000.00","$735,000.00",Aug 2/25,5,2,2000,"12,196 sqft / 0.28 ac","2,810",010-445-943,44,fernie_sparwood/1265-valley-view-place-20059379
Fernie/Sparwood,20066310,1170 Mcdonald Avenue,Kootenay,FE - Fernie,49.49937586,-115.073175,listing,,,,"$769,000.00","$750,000.00",Oct 3/25,2,2,2025,"6,202 sqft / 0.1424 ac","1,008",011-177-705,29,fernie_sparwood/1170-mcdonald-avenue-20066310
Fernie/Sparwood,10670943,22 COAL CREEK Road,Kootenay,FE - Fernie,49.49862579,-115.06315522,listing,,,,"$769,800.00","$767,500.00",May 27/21,4,3,1965,"10,454 sqft / 0.24 ac","2,492",012-165-107,37,fernie_sparwood/22-coal-creek-road-10670943
Fernie/Sparwood,10636711,11 SILVER RIDGE Way,Kootenay,FE - Fernie,49.498515,-115.058291,listing,,,,"$769,900.00","$725,000.00",Nov 2/15,4,3,2010,"6,708 sqft / 0.154 ac","2,373",027-808-220,20,fernie_sparwood/11-silver-ridge-way-10636711
Fernie/Sparwood,10652596,16 CEDAR BOWL Drive,Kootenay,FE - Fernie,49.489547,-115.06078,listing,,,,"$769,900.00","$695,000.00",Jan 4/19,4,3,2002,"9,888 sqft / 0.227 ac","2,112",024-578-096,28,fernie_sparwood/16-cedar-bowl-drive-10652596
Fernie/Sparwood,10656960,15 ALPINE TRAIL Crescent,Kootenay,FE - Fernie,49.523802,-115.069249,listing,,,,"$769,900.00","$734,000.00",May 1/19,3,3,2002,"42,601 sqft / 0.978 ac",0,024-960-322,18,fernie_sparwood/15-alpine-trail-crescent-10656960
Fernie/Sparwood,10674370,561 6TH Avenue,Kootenay,FE - Fernie,49.50560978,-115.06569396,listing,,,,"$769,900.00","$721,000.00",Apr 9/22,2,2,1909,"6,534 sqft / 0.15 ac","1,573",007-680-708,32,fernie_sparwood/561-6th-avenue-10674370
Fernie/Sparwood,20068707,1643 Koocanusa Lake Drive,Kootenay,FERU - Jaffray and Vicinity,49.1789198,-115.23394025,listing,,,,"$769,900.00","$749,000.00",Jan 9/26,2,2,2022,,"1,184",028-881-095,48,fernie_sparwood/1643-koocanusa-lake-drive-20068707
Fernie/Sparwood,10663121,1362 11TH Avenue,Kootenay,FE - Fernie,49.51428168,-115.06449924,listing,,,,"$769,999.00","$775,000.00",Oct 6/20,3,2,1999,"10,890 sqft / 0.25 ac","2,544",016-472-420,36,fernie_sparwood/1362-11th-avenue-10663121
Fernie/Sparwood,10671641,16 MT MINTON Street,Kootenay,FE - Fernie,49.49640221,-115.07175631,listing,,,,"$770,000.00","$790,000.00",Jul 3/21,3,3,1981,"8,712 sqft / 0.20 ac","2,065",011-916-320,50,fernie_sparwood/16-mt-minton-street-10671641
Fernie/Sparwood,10675001,2134 WHISKEY JACK Drive,Kootenay,SP - Sparwood,49.75975517,-114.89851222,listing,,,,"$770,000.00","$750,000.00",Jun 16/22,4,4,2014,"13,939 sqft / 0.32 ac","3,408",029-103-444,34,fernie_sparwood/2134-whiskey-jack-drive-10675001
Fernie/Sparwood,20073619,3 Mt Proctor Avenue,Kootenay,FE - Fernie,49.49499926,-115.07360215,listing,,,,"$774,999.00","$758,000.00",Dec 11/25,4,3,1981,"5,880 sqft / 0.135 ac","1,704",012-999-113,17,fernie_sparwood/3-mt-proctor-avenue-20073619
Fernie/Sparwood,10614914,802 8TH Avenue,Kootenay,FE - Fernie,49.508459,-115.065543,listing,,,,"$775,000.00","$740,000.00",Sep 19/12,6,4,,0 sqft / 0.00 ac,"4,419",010-216-511,10,fernie_sparwood/802-8th-avenue-10614914
Fernie/Sparwood,10681347,15 MT PROCTOR Avenue,Kootenay,FE - Fernie,49.4940351,-115.07364094,listing,,,,"$775,000.00","$760,000.00",Apr 28/23,4,3,1980,"6,098 sqft / 0.14 ac","1,650",012-999-041,45,fernie_sparwood/15-mt-proctor-avenue-10681347
Fernie/Sparwood,10657168,941 11TH Avenue,Kootenay,FE - Fernie,49.511262,-115.068371,listing,,,,"$779,000.00","$770,000.00",Mar 25/19,4,3,1992,"7,187 sqft / 0.165 ac",0,015-764-371,4,fernie_sparwood/941-11th-avenue-10657168
Fernie/Sparwood,10678927,962 4TH Avenue,Kootenay,FE - Fernie,49.50749813,-115.05999687,listing,,,,"$779,000.00","$786,100.00",Sep 13/22,4,2,2016,"3,484 sqft / 0.08 ac","1,653",014-852-802,44,fernie_sparwood/962-4th-avenue-10678927
Fernie/Sparwood,10679212,2108 WHISKEY JACK Drive,Kootenay,SP - Sparwood,49.75627637,-114.89581347,listing,,,,"$779,000.00","$780,000.00",Oct 19/22,6,4,2018,"19,602 sqft / 0.45 ac","3,525",028-169-344,41,fernie_sparwood/2108-whiskey-jack-drive-10679212
Fernie/Sparwood,10655082,39 ELKVIEW Drive,Kootenay,FE - Fernie,49.494062,-115.070076,listing,,,,"$779,900.00","$760,000.00",Sep 7/18,4,3,1980,"11,325 sqft / 0.26 ac","3,212",014-970-228,27,fernie_sparwood/39-elkview-drive-10655082
Fernie/Sparwood,10673661,43 RIDGEMONT Avenue,Kootenay,FE - Fernie,49.50531272,-115.05405861,listing,,,,"$779,900.00","$779,900.00",Oct 15/21,4,3,1976,"9,147 sqft / 0.21 ac","2,468",007-830-378,43,fernie_sparwood/43-ridgemont-avenue-10673661
Fernie/Sparwood,10303426,931 10TH Avenue,Kootenay,FE - Fernie,49.51061495,-115.06737488,listing,,,,"$780,000.00","$739,000.00",Jul 3/24,2,1,1925,"10,890 sqft / 0.25 ac",860,016-077-491,15,fernie_sparwood/931-10th-avenue-10303426
Fernie/Sparwood,10683923,2135 WHISKEY JACK Drive,Kootenay,SP - Sparwood,49.75981389,-114.89823739,listing,,,,"$780,000.00","$770,000.00",Aug 28/23,4,2,2013,"14,374 sqft / 0.33 ac","3,320",029-103-347,37,fernie_sparwood/2135-whiskey-jack-drive-10683923
Fernie/Sparwood,10622169,46 COAL CREEK Road,Kootenay,FE - Fernie,49.497231,-115.06049,listing,,,,"$785,000.00","$740,000.00",Jul 4/14,5,3,1981,"9,365 sqft / 0.215 ac","3,250",008-865-671,6,fernie_sparwood/46-coal-creek-road-10622169
Fernie/Sparwood,10666059,992 8TH Avenue,Kootenay,FE - Fernie,49.50988463,-115.06432056,listing,,,,"$785,000.00","$785,000.00",Nov 13/20,5,3,2000,"7,187 sqft / 0.165 ac","3,486",012-704-812,52,fernie_sparwood/992-8th-avenue-10666059
Fernie/Sparwood,10676027,29 RIDGEMONT Drive,Kootenay,FE - Fernie,49.50310644,-115.05460562,listing,,,,"$785,000.00","$790,000.00",Apr 26/22,3,2,1974,"10,018 sqft / 0.23 ac","1,828",012-263-427,37,fernie_sparwood/29-ridgemont-drive-10676027
Fernie/Sparwood,20084254,2252 Black Hawk Drive,Kootenay,SP - Sparwood,49.75952961,-114.8917588,listing,,,,"$785,000.00",,,4,3,2024,"11,935 sqft / 0.274 ac","1,963",028-169-859,69,fernie_sparwood/2252-black-hawk-drive-20084254
Fernie/Sparwood,10665347,592 9TH Avenue,Kootenay,FE - Fernie,49.50703928,-115.06868357,listing,,,,"$785,900.00","$775,000.00",Jun 29/20,4,2,1909,"7,405 sqft / 0.17 ac","2,324",016-109-287,81,fernie_sparwood/592-9th-avenue-10665347
Fernie/Sparwood,10644420,20 PINE Crescent,Kootenay,FE - Fernie,49.49636,-115.063483,listing,,,,"$788,000.00","$759,000.00",May 18/17,4,2,1969,"24,829 sqft / 0.57 ac",0,008-612-366,20,fernie_sparwood/20-pine-crescent-10644420
Fernie/Sparwood,10666517,4 MT PROCTOR Avenue,Kootenay,FE - Fernie,49.49588292,-115.07424345,listing,,,,"$788,000.00","$790,000.00",Sep 17/20,3,3,1978,"7,405 sqft / 0.17 ac","1,900",012-978-914,57,fernie_sparwood/4-mt-proctor-avenue-10666517
Fernie/Sparwood,10615862,17 ALPINE Trail,Kootenay,FE - Fernie,49.524257,-115.066989,listing,,,,"$789,000.00","$725,000.00",Sep 24/13,3,3,2000,"12,196 sqft / 0.28 ac","2,875",024-568-112,20,fernie_sparwood/17-alpine-trail-10615862
Fernie/Sparwood,10681443,1391 10TH Avenue,Kootenay,FE - Fernie,49.51431643,-115.06364721,listing,,,,"$789,000.00","$789,000.00",Aug 17/23,3,2,1970,"7,405 sqft / 0.17 ac","2,080",016-075-587,38,fernie_sparwood/1391-10th-avenue-10681443
Fernie/Sparwood,20046554,532 Granzow Road,Kootenay,FERU - Elko to Montana,49.23095153,-115.21655552,listing,,,,"$789,000.00","$785,000.00",Apr 30/25,3,2,2007,"43,124 sqft / 0.99 ac","1,276",015-906-752,68,fernie_sparwood/532-granzow-road-20046554
Fernie/Sparwood,20078352,2071 Golden Eagle Drive,Kootenay,SP - Sparwood,49.76245664,-114.89202357,listing,,,,"$789,000.00","$789,000.00",Apr 22/26,4,4,2021,"6,446 sqft / 0.148 ac","2,820",029-103-070,64,fernie_sparwood/2071-golden-eagle-drive-20078352
Fernie/Sparwood,20078363,1357 Cypress Drive,Kootenay,SP - Sparwood,49.7528373,-114.88994672,listing,,,,"$789,000.00","$777,000.00",Mar 30/26,4,3,2011,"6,969 sqft / 0.16 ac","2,079",010-045-163,84,fernie_sparwood/1357-cypress-drive-20078363
Fernie/Sparwood,20080409,1668 Tranquility Road,Kootenay,FERU - Jaffray and Vicinity,49.17838232,-115.21566051,listing,,,,"$789,000.00","$760,000.00",Apr 10/26,2,2,1981,"128,066 sqft / 2.94 ac","1,922",032-541-236,45,fernie_sparwood/1668-tranquility-road-20080409
Fernie/Sparwood,10608316,501-5258 HIGHLINE Drive,Kootenay,FERU - Ski Hill Area,49.464711,-115.088716,listing,,,,"$789,900.00","$720,000.00",Apr 10/12,3,2,1999,,"1,815",024-983-128,10,fernie_sparwood/501-5258-highline-drive-10608316
Fernie/Sparwood,10681344,2 RIDGEMONT Avenue,Kootenay,FE - Fernie,49.50278295,-115.05519652,listing,,,,"$789,900.00","$820,000.00",Apr 20/23,3,2,1969,"6,534 sqft / 0.15 ac","1,560",010-621-466,56,fernie_sparwood/2-ridgemont-avenue-10681344
Fernie/Sparwood,10665467,661 3RD Avenue,Kootenay,FE - Fernie,49.5050238,-115.06152084,listing,,,,"$789,995.00","$775,000.00",Jun 30/20,5,3,1930,"6,970 sqft / 0.16 ac","3,297",015-851-613,31,fernie_sparwood/661-3rd-avenue-10665467
Fernie/Sparwood,10669856,801A 8TH Street,Kootenay,FE - Fernie,49.50880521,-115.06653065,listing,,,,"$789,995.00","$791,000.00",Aug 3/21,3,3,2015,"3,484 sqft / 0.08 ac","1,889",029-358-078,22,fernie_sparwood/801a-8th-street-10669856
Fernie/Sparwood,10616755,4584 TIMBERLINE Crescent,Kootenay,FERU - Ski Hill Area,49.46287,-115.082073,listing,,,,"$790,000.00","$800,000.00",Mar 21/14,5,3,1991,"18,295 sqft / 0.42 ac","2,172",009-525-688,20,fernie_sparwood/4584-timberline-crescent-10616755
Fernie/Sparwood,10661891,701A 4TH Avenue,Kootenay,FE - Fernie,49.505891,-115.062521,listing,,,,"$790,000.00","$775,000.00",Dec 13/19,3,4,2011,"3,179 sqft / 0.073 ac",0,028-608-097,4,fernie_sparwood/701a-4th-avenue-10661891
Fernie/Sparwood,10675686,1341 1ST Avenue,Kootenay,FE - Fernie,49.50964941,-115.05375673,listing,,,,"$792,000.00","$792,000.00",Jun 9/22,4,2,1954,"6,969 sqft / 0.16 ac","2,016",018-725-571,33,fernie_sparwood/1341-1st-avenue-10675686
Fernie/Sparwood,10628923,32 SILVER RIDGE Drive,Kootenay,FE - Fernie,49.498457,-115.05834,listing,,,,"$794,900.00","$770,000.00",Nov 18/14,4,2,2011,"8,319 sqft / 0.191 ac","3,447",027-808-432,19,fernie_sparwood/32-silver-ridge-drive-10628923
Fernie/Sparwood,10545164,4556 TIMBERLINE Crescent,Kootenay,FERU - Ski Hill Area,49.462008,-115.079305,listing,,,,"$795,000.00","$765,000.00",Jan 21/05,4,3,1989,"21,344 sqft / 0.49 ac","2,625",610-068-842,7,fernie_sparwood/4556-timberline-crescent-10545164
Fernie/Sparwood,10559208,4553 TIMBERLINE Crescent,Kootenay,FERU - Ski Hill Area,49.462111,-115.079121,listing,,,,"$795,000.00","$745,000.00",Nov 8/05,4,2,1980,"17,859 sqft / 0.41 ac",0,005-477-662,1,fernie_sparwood/4553-timberline-crescent-10559208
Fernie/Sparwood,10636454,791 5TH Avenue,Kootenay,FE - Fernie,49.506654,-115.062807,listing,,,,"$795,000.00","$780,000.00",Nov 10/15,4,4,,"7,187 sqft / 0.165 ac","3,350",013-230-069,14,fernie_sparwood/791-5th-avenue-10636454
Fernie/Sparwood,10663856,1251 2ND Avenue,Kootenay,FE - Fernie,49.5092736,-115.05558127,listing,,,,"$795,000.00","$775,000.00",Jun 16/20,5,5,2018,"3,484 sqft / 0.08 ac","2,806",011-304-596,25,fernie_sparwood/1251-2nd-avenue-10663856
Fernie/Sparwood,10668743,921 11TH Avenue,Kootenay,FE - Fernie,49.51108253,-115.06850007,listing,,,,"$795,500.00","$779,500.00",Feb 14/21,3,2,1994,"7,405 sqft / 0.17 ac","1,536",016-080-190,50,fernie_sparwood/921-11th-avenue-10668743
Fernie/Sparwood,10681575,197 RIDGEMONT Lane,Kootenay,FE - Fernie,49.50479018,-115.05155285,listing,,,,"$796,000.00","$815,000.00",Apr 27/23,3,2,1970,"6,969 sqft / 0.16 ac","1,680",014-147-904,9,fernie_sparwood/197-ridgemont-lane-10681575
Fernie/Sparwood,10675594,9841 VICTORIA Street,Kootenay,FERU - West/East of Fernie,49.59125517,-114.96458637,listing,,,,"$797,000.00","$797,000.00",Mar 31/22,3,3,1992,"20,908 sqft / 0.48 ac","1,769",016-009-126,12,fernie_sparwood/9841-victoria-street-10675594
Fernie/Sparwood,10577345,4495 TIMBERLINE Crescent,Kootenay,FERU - Ski Hill Area,49.4606,-115.077433,listing,,,,"$799,000.00","$700,000.00",Jan 1/08,5,5,1993,"17,859 sqft / 0.41 ac","3,500",009-526-951,10,fernie_sparwood/4495-timberline-crescent-10577345
Fernie/Sparwood,10579894,2 ALLAN GRAHAM Drive,Kootenay,FE - Fernie,49.515037,-115.049982,listing,,,,"$799,000.00","$760,000.00",May 30/08,4,3,1998,"7,405 sqft / 0.17 ac","3,200",023-636-181,10,fernie_sparwood/2-allan-graham-drive-10579894
Fernie/Sparwood,10659866,123 WHITETAIL Drive,Kootenay,FE - Fernie,49.492537,-115.058242,listing,,,,"$799,000.00","$795,000.00",Jul 4/19,3,3,2015,"6,403 sqft / 0.147 ac",0,029-424-640,20,fernie_sparwood/123-whitetail-drive-10659866
Fernie/Sparwood,10660236,55 RIDGEMONT Avenue,Kootenay,FE - Fernie,49.506006,-115.052975,listing,,,,"$799,000.00","$800,000.00",Aug 7/19,5,2,1974,"16,552 sqft / 0.38 ac",0,011-332-492,40,fernie_sparwood/55-ridgemont-avenue-10660236
Fernie/Sparwood,10670512,1461 8TH Avenue,Kootenay,FE - Fernie,49.51399872,-115.06061126,listing,,,,"$799,000.00","$820,000.00",May 26/21,5,2,1975,"7,405 sqft / 0.17 ac","2,334",016-077-466,41,fernie_sparwood/1461-8th-avenue-10670512
Fernie/Sparwood,10671578,2140 WHISKEY JACK Drive,Kootenay,SP - Sparwood,49.7608287,-114.90042812,listing,,,,"$799,000.00","$785,000.00",Sep 2/21,5,4,2020,"13,634 sqft / 0.313 ac","3,703",029-103-410,51,fernie_sparwood/2140-whiskey-jack-drive-10671578
Fernie/Sparwood,10672499,1202 4TH Avenue,Kootenay,FE - Fernie,49.50978084,-115.05773887,listing,,,,"$799,000.00","$772,500.00",Oct 8/21,3,3,1977,"7,187 sqft / 0.165 ac","2,477",016-093-879,24,fernie_sparwood/1202-4th-avenue-10672499
Fernie/Sparwood,10675368,201 1ST Avenue,Kootenay,FE - Fernie,49.5003602,-115.06319881,listing,,,,"$799,000.00","$760,000.00",May 9/22,4,2,1901,"5,662 sqft / 0.13 ac","2,200",009-480-145,39,fernie_sparwood/201-1st-avenue-10675368
Fernie/Sparwood,10676258,49 MT PROCTOR Avenue,Kootenay,FE - Fernie,49.49026649,-115.0736758,listing,,,,"$799,000.00","$770,000.00",Jul 13/22,3,2,1981,"6,098 sqft / 0.14 ac","1,634",011-840-617,44,fernie_sparwood/49-mt-proctor-avenue-10676258
Fernie/Sparwood,10677481,18 ELKVIEW Crescent,Kootenay,FE - Fernie,49.49452715,-115.06670838,listing,,,,"$799,000.00","$700,000.00",Sep 12/22,4,2,1971,"12,632 sqft / 0.29 ac","2,116",011-430-460,29,fernie_sparwood/18-elkview-crescent-10677481
Fernie/Sparwood,10681651,1 MT PROCTOR Avenue,Kootenay,FE - Fernie,49.49530913,-115.07385118,listing,,,,"$799,000.00","$782,500.00",Jun 14/23,3,2,1979,"6,098 sqft / 0.14 ac","1,180",012-999-148,44,fernie_sparwood/1-mt-proctor-avenue-10681651
Fernie/Sparwood,10682383,14 MT TRINITY Avenue,Kootenay,FE - Fernie,49.49434947,-115.07301212,listing,,,,"$799,000.00","$792,000.00",Jun 23/23,3,2,1977,"6,098 sqft / 0.14 ac","1,850",007-488-319,34,fernie_sparwood/14-mt-trinity-avenue-10682383
Fernie/Sparwood,20022380,761 4TH Avenue,Kootenay,FE - Fernie,49.50631902,-115.06216895,listing,,,,"$799,000.00","$772,000.00",Jun 24/24,3,1,1909,"7,405 sqft / 0.17 ac","1,185",016-122-666,28,fernie_sparwood/761-4th-avenue-20022380
Fernie/Sparwood,20028580,1309 BIRCHWOOD Place,Kootenay,SP - Sparwood,49.75319604,-114.89103966,listing,,,,"$799,000.00","$787,500.00",Sep 28/24,4,4,1996,"15,681 sqft / 0.36 ac","3,451",023-420-260,76,fernie_sparwood/1309-birchwood-place-20028580
Fernie/Sparwood,20053873,562 6TH Avenue,Kootenay,FE - Fernie,49.50537721,-115.06535638,listing,,,,"$799,000.00","$782,500.00",Jun 6/25,3,1,1912,"7,405 sqft / 0.17 ac","1,228",017-170-583,25,fernie_sparwood/562-6th-avenue-20053873
Fernie/Sparwood,20060624,1302 11th Avenue,Kootenay,FE - Fernie,49.51395297,-115.06469534,listing,,,,"$799,000.00","$799,000.00",Jul 28/25,2,2,2011,"7,200 sqft / 0.1653 ac",950,025-932-152,42,fernie_sparwood/1302-11th-avenue-20060624
Fernie/Sparwood,20066454,6740 Rosen Lake Road,Kootenay,FERU - Jaffray and Vicinity,49.4010629,-115.26326328,listing,,,,"$799,000.00",,,2,2,1971,"7,840 sqft / 0.18 ac","1,648",013-889-257,34,fernie_sparwood/6740-rosen-lake-road-20066454
Fernie/Sparwood,10638277,6659 ROSEN LAKE Road,Kootenay,FERU - Jaffray and Vicinity,49.422663,-115.315268,listing,,,,"$799,500.00","$790,000.00",Apr 29/16,3,2,2000,"12,588 sqft / 0.289 ac",0,013-367-731,15,fernie_sparwood/6659-rosen-lake-road-10638277
Fernie/Sparwood,10666129,862 10TH Avenue,Kootenay,FE - Fernie,49.50985745,-115.06740354,listing,,,,"$799,500.00","$788,100.00",Sep 1/20,5,3,2003,"7,187 sqft / 0.165 ac","2,325",061-093-577,33,fernie_sparwood/862-10th-avenue-10666129
Fernie/Sparwood,10599160,25 SKIFTY MORRIS Way,Kootenay,FE - Fernie,49.514461,-115.050531,listing,,,,"$799,900.00","$788,000.00",Mar 11/12,3,3,2008,,"3,546",026-388-588,8,fernie_sparwood/25-skifty-morris-way-10599160
Fernie/Sparwood,10626775,93 RIDGEMONT Drive,Kootenay,FE - Fernie,49.507106,-115.047217,listing,,,,"$799,900.00","$785,000.00",Jul 8/14,5,3,1977,"12,196 sqft / 0.28 ac","3,800",014-087-375,4,fernie_sparwood/93-ridgemont-drive-10626775
Fernie/Sparwood,10629259,15 ALPINE TRAILS Crescent,Kootenay,FE - Fernie,49.523505,-115.069434,listing,,,,"$799,900.00","$768,000.00",Oct 16/14,3,3,2003,"42,601 sqft / 0.978 ac","2,252",024-960-322,13,fernie_sparwood/15-alpine-trails-crescent-10629259
Fernie/Sparwood,10629333,37 SILVER RIDGE Drive,Kootenay,FE - Fernie,49.498457,-115.05834,listing,,,,"$799,900.00","$785,000.00",May 13/15,6,,2011,"8,276 sqft / 0.19 ac","3,894",027-808-475,18,fernie_sparwood/37-silver-ridge-drive-10629333
Fernie/Sparwood,10637598,1191 11TH Avenue,Kootenay,FE - Fernie,49.512393,-115.066554,listing,,,,"$799,900.00","$795,000.00",Jul 11/16,4,3,1995,0 sqft / 0.00 ac,0,018-639-275,22,fernie_sparwood/1191-11th-avenue-10637598
